,stopName,stopDesc,zoneId,zoneName,stopLat,stopLon,coord,time_sec,color
45,Św. Wojciech,Święty Wojciech,1.0,Gdańsk,54.28478000000001,18.63808,"54.28478000000001, 18.63808",3660,black
49,Olimpijska,Olimpijska,1.0,Gdańsk,54.305580000000006,18.58112,"54.305580000000006, 18.58112",3997,black
23,Maćkowy,Maćkowy,1.0,Gdańsk,54.30689,18.61525,"54.30689, 18.61525",3780,black
29,Przegalina,Przegalina,1.0,Gdańsk,54.31122,18.91707,"54.31122, 18.91707",5160,black
48,Kampinoska,Kampinoska,1.0,Gdańsk,54.31611,18.60301,"54.31611, 18.60301",3360,red
53,Jaworzniaków,Jaworzniaków,1.0,Gdańsk,54.31804,18.56873,"54.31804, 18.56873",3060,red
52,Zakoniczyn,Zakoniczyn,1.0,Gdańsk,54.31981,18.57735,"54.31981, 18.57735",3639,black
51,Łostowice Świętokrzyska,Łostowice Świętokrzyska,1.0,Gdańsk,54.32329,18.60623,"54.32329, 18.60623",2760,red
24,Równa,Orunia Równa,1.0,Gdańsk,54.32419,18.64089,"54.32419, 18.64089",3600,black
22,Orunia Górna,Orunia Górna,1.0,Gdańsk,54.3252,18.61839,"54.3252, 18.61839",3130,red
42,Ujeścisko,Ujeścisko,1.0,Gdańsk,54.33127,18.58534,"54.33127, 18.58534",2443,yellow
41,Chełm - Więckowskiego,Chełm Więckowskiego,1.0,Gdańsk,54.33398,18.6158,"54.33398, 18.6158",2699,yellow
20,Chełm Witosa,Chełm Witosa,1.0,Gdańsk,54.33741,18.61631,"54.33741, 18.61631",2483,yellow
21,Chełm Cienista,Chełm Cienista,1.0,Gdańsk,54.33831,18.627,"54.33831, 18.627",2513,yellow
30,Lipuska,Lipuska,1.0,Gdańsk,54.33863,18.51084,"54.33863, 18.51084",3660,black
54,Jasień Pólnicy,Jasień Pólnicy,1.0,Gdańsk,54.34111,18.56103,"54.34111, 18.56103",2394,yellow
25,Olszynka - Szkoła,Olszynka Szkoła,1.0,Gdańsk,54.34184000000001,18.66894,"54.34184000000001, 18.66894",3386,red
47,Kiełpino Górne,Kiełpino Górne,1.0,Gdańsk,54.34195,18.49882,"54.34195, 18.49882",3780,black
43,Smęgorzyno,Smęgorzyno,1.0,Gdańsk,54.34205,18.4732,"54.34205, 18.4732",5355,black
75,Chłodna,Chłodna,1.0,Gdańsk,54.34333,18.66275,"54.34333, 18.66275",3011,red
70,Toruńska,Toruńska,1.0,Gdańsk,54.34616,18.6456,"54.34616, 18.6456",2177,yellow
76,Żabi Kruk,Żabi Kruk,1.0,Gdańsk,54.34645,18.65135,"54.34645, 18.65135",2700,red
77,Szafarnia,Szafarnia,1.0,Gdańsk,54.34745,18.66108,"54.34745, 18.66108",3060,red
78,Brama Żuławska,Brama Żuławska,1.0,Gdańsk,54.34751,18.66882,"54.34751, 18.66882",3072,red
69,Śródmieście SKM,Śródmieście SKM,1.0,Gdańsk,54.34794,18.64373,"54.34794, 18.64373",2097,yellow
99,Borska,Borska (N/Ż),1.0,Gdańsk,54.34829000000001,18.47892,"54.34829000000001, 18.47892",2751,red
57,Siedlce,Siedlce ,1.0,Gdańsk,54.34831,18.60648,"54.34831, 18.60648",1628,blue
80,Elbląska,Elbląska,1.0,Gdańsk,54.34914000000001,18.6702,"54.34914000000001, 18.6702",3029,red
74,Brama Wyżynna,Brama Wyżynna,1.0,Gdańsk,54.35032,18.64628,"54.35032, 18.64628",2003,yellow
28,Górki Wschodnie,Górki Wschodnie,1.0,Gdańsk,54.35038,18.79305,"54.35038, 18.79305",4858,black
73,Hucisko,Hucisko,1.0,Gdańsk,54.35197,18.64485,"54.35197, 18.64485",1843,yellow
82,Głęboka,Głęboka,1.0,Gdańsk,54.35235,18.67165,"54.35235, 18.67165",3360,red
19,Migowo,Migowo,1.0,Gdańsk,54.35264,18.57626,"54.35264, 18.57626",1260,blue
9,Targ Rybny,Targ Rybny,1.0,Gdańsk,54.35332,18.65781,"54.35332, 18.65781",2535,yellow
89,Baza Manipulacyjna,Baza Manipulacyjna (N/Ż),1.0,Gdańsk,54.35367,18.75701,"54.35367, 18.75701",4296,black
37,Sztutowska,Sztutowska,1.0,Gdańsk,54.35395,18.71869,"54.35395, 18.71869",3981,black
33,Suchanino,Suchanino,1.0,Gdańsk,54.35411,18.60737,"54.35411, 18.60737",1463,blue
26,Górki Zachodnie,Górki Zachodnie,1.0,Gdańsk,54.3548,18.7821,"54.3548, 18.7821",4492,black
72,Dworzec Główny,Dworzec Główny,1.0,Gdańsk,54.35483000000001,18.64512,"54.35483000000001, 18.64512",2225,yellow
90,Łęczycka,Łęczycka,1.0,Gdańsk,54.355880000000006,18.76366,"54.355880000000006, 18.76366",4312,black
79,Bajki,Bajki,1.0,Gdańsk,54.35634,18.68185,"54.35634, 18.68185",3632,black
81,Dickensa,Dickensa (N/Ż),1.0,Gdańsk,54.35739,18.69021,"54.35739, 18.69021",3858,black
84,Przeróbka,Przeróbka,1.0,Gdańsk,54.35746999999999,18.68354,"54.35746999999999, 18.68354",3538,red
11,Muzeum II Wojny Światowej,Muzeum II Wojny Światowej,1.0,Gdańsk,54.35764,18.65872,"54.35764, 18.65872",2561,yellow
62,Przeróbka,Przeróbka (techniczny),1.0,Gdańsk,54.3578,18.68403,"54.3578, 18.68403",3569,red
68,Rybaki Górne,Rybaki Górne,1.0,Gdańsk,54.35815,18.65579,"54.35815, 18.65579",2416,yellow
66,Wały Piastowskie ,Wały Piastowskie,1.0,Gdańsk,54.35843000000001,18.64744,"54.35843000000001, 18.64744",1920,yellow
67,Aksamitna,Aksamitna,1.0,Gdańsk,54.35846,18.6523,"54.35846, 18.6523",2245,yellow
83,Kaczeńce - Sienna,Kaczeńce - Sienna (N/Ż),1.0,Gdańsk,54.35869,18.69777,"54.35869, 18.69777",3490,red
71,Łagiewniki,Łagiewniki,1.0,Gdańsk,54.3588,18.64937,"54.3588, 18.64937",2086,yellow
88,Kępna,Kępna (N/Ż),1.0,Gdańsk,54.35913000000001,18.74585,"54.35913000000001, 18.74585",4195,black
87,Steczka,Steczka,1.0,Gdańsk,54.35961999999999,18.74071,"54.35961999999999, 18.74071",4102,black
85,Sucharskiego,Sucharskiego,1.0,Gdańsk,54.35993000000001,18.69048,"54.35993000000001, 18.69048",3092,red
91,Budzysza,Budzysza,1.0,Gdańsk,54.36076,18.6919,"54.36076, 18.6919",3900,black
86,Sówki,Sówki,1.0,Gdańsk,54.36141,18.7295,"54.36141, 18.7295",4065,black
65,Lessowa,Lessowa,1.0,Gdańsk,54.36281,18.70524,"54.36281, 18.70524",3180,red
32,Matemblewo,Matemblewo,1.0,Gdańsk,54.36664,18.54891,"54.36664, 18.54891",1500,blue
44,Stogi Plaża,Stogi Plaża,1.0,Gdańsk,54.37243,18.7286,"54.37243, 18.7286",3589,red
50,Politechnika SKM,Politechnika SKM,1.0,Gdańsk,54.37393,18.62627,"54.37393, 18.62627",1603,blue
31,Bysewo,Bysewo,1.0,Gdańsk,54.37497,18.46361,"54.37497, 18.46361",4276,black
92,Sucharskiego - PKP,Sucharskiego - PKP (N/Ż),1.0,Gdańsk,54.37657,18.68265,"54.37657, 18.68265",4080,black
35,Niedźwiednik,Niedźwiednik,1.0,Gdańsk,54.38,18.55937,"54.38, 18.55937",0,green
93,Ku Ujściu,Ku Ujściu (N/Ż),1.0,Gdańsk,54.38005,18.679,"54.38005, 18.679",2973,red
12,Wrzeszcz PKP,Wrzeszcz PKP,1.0,Gdańsk,54.3813,18.604470000000006,"54.3813, 18.604470000000006",1241,blue
10,Port Lotniczy,Port Lotniczy,1.0,Gdańsk,54.38267,18.46753,"54.38267, 18.46753",1736,blue
17,Zaspa SKM,Zaspa SKM,1.0,Gdańsk,54.3893,18.59444,"54.3893, 18.59444",1380,blue
94,De Plelo,De Plelo (N/Ż),1.0,Gdańsk,54.38962,18.6759,"54.38962, 18.6759",4320,black
61,Strzyża PKM,Strzyża PKM,1.0,Gdańsk,54.39117,18.57821,"54.39117, 18.57821",928,blue
95,Charpentiera,Charpentiera (N/Ż),1.0,Gdańsk,54.39348,18.68436,"54.39348, 18.68436",4440,black
18,Nowy Port Szaniec Zachodni,Nowy Port Szaniec Zachodni,1.0,Gdańsk,54.39618000000001,18.67291,"54.39618000000001, 18.67291",4077,black
97,Pokładowa,Pokładowa  (N/Ż),1.0,Gdańsk,54.39637,18.68463,"54.39637, 18.68463",4500,black
96,Pokładowa,Pokładowa (N/Ż),1.0,Gdańsk,54.39641999999999,18.68478,"54.39641999999999, 18.68478",4500,black
63,Zajezdnia NOWY PORT,Zajezdnia Nowy Port (techniczny),1.0,Gdańsk,54.39708,18.67365,"54.39708, 18.67365",3994,black
64,Baza Hallera,Baza Hallera (techniczny),1.0,Gdańsk,54.39722,18.62155,"54.39722, 18.62155",2730,red
56,Zaspa,Zaspa,1.0,Gdańsk,54.39982,18.59561,"54.39982, 18.59561",1938,yellow
58,Nowy Port Góreckiego,Nowy Port Góreckiego,1.0,Gdańsk,54.40003000000001,18.67112,"54.40003000000001, 18.67112",3988,black
59,Nowy Port Oliwska,Nowy Port Oliwska,1.0,Gdańsk,54.40143000000001,18.67493,"54.40143000000001, 18.67493",3780,black
98,Przystań Żeglugi,Przystań Żeglugi,1.0,Gdańsk,54.40407,18.68157,"54.40407, 18.68157",4560,black
27,Westerplatte,Westerplatte,1.0,Gdańsk,54.40606,18.67702,"54.40606, 18.67702",4620,black
60,Brzeźno,Brzeźno,1.0,Gdańsk,54.40732,18.63812,"54.40732, 18.63812",3215,red
14,Oliwa Pętla Tramwajowa,Oliwa Pętla Tramwajowa,1.0,Gdańsk,54.40926,18.56708,"54.40926, 18.56708",1861,yellow
55,Oliwa,Oliwa,1.0,Gdańsk,54.40961,18.56699,"54.40961, 18.56699",1858,yellow
13,Oliwa PKP,Oliwa PKP,1.0,Gdańsk,54.41123,18.57213,"54.41123, 18.57213",1973,yellow
36,Oliwa ZOO,Oliwa ZOO,1.0,Gdańsk,54.41353,18.53517,"54.41353, 18.53517",3544,red
34,Osowa Przesypownia,Osowa Przesypownia,1.0,Gdańsk,54.41501,18.4585,"54.41501, 18.4585",2918,red
40,Osowa PKP,Osowa PKP,1.0,Gdańsk,54.42081999999999,18.45204,"54.42081999999999, 18.45204",2225,yellow
15,Żabianka SKM,Żabianka SKM,1.0,Gdańsk,54.42112,18.57006,"54.42112, 18.57006",2127,yellow
16,Jelitkowo Kapliczna,Jelitkowo Kapliczna,1.0,Gdańsk,54.42158000000001,18.60209,"54.42158000000001, 18.60209",2546,yellow
38,Jelitkowo,Jelitkowo,1.0,Gdańsk,54.42346,18.59376,"54.42346, 18.59376",2100,yellow
39,Galaktyczna,Galaktyczna,1.0,Gdańsk,54.42811999999999,18.48622,"54.42811999999999, 18.48622",3113,red
46,Kukawka,Kukawka,1.0,Gdańsk,54.44403000000001,18.45759,"54.44403000000001, 18.45759",3983,black
6,Starochwaszczyńska,Gdynia Starochwaszczyńska (N/Ż),5.0,Gdynia,54.45696,18.4495,"54.45696, 18.4495",4021,black
5,Rdestowa - Chwaszczyńska,Gdynia Rdestowa - Chwaszczyńska (N/Ż),5.0,Gdynia,54.45874,18.4528,"54.45874, 18.4528",4406,black
4,Giełda Towarowa,Gdynia Giełda Towarowa,5.0,Gdynia,54.46224,18.45337,"54.46224, 18.45337",4219,black
8,Rdestowa - Leśny Zakątek,Gdynia Rdestowa - Leśny Zakątek (N/Ż),5.0,Gdynia,54.46412,18.45762,"54.46412, 18.45762",4159,black
3,Szafranowa,Gdynia Szafranowa,5.0,Gdynia,54.46536,18.4602,"54.46536, 18.4602",4159,black
2,Paprykowa,Gdynia Paprykowa,5.0,Gdynia,54.46784,18.46546,"54.46784, 18.46546",4099,black
1,Kameliowa,Gdynia Kameliowa,5.0,Gdynia,54.470180000000006,18.4682,"54.470180000000006, 18.4682",4091,black
0,Dąbrowa Centrum,Gdynia Dąbrowa Centrum,5.0,Gdynia,54.47317,18.46509,"54.47317, 18.46509",3979,black
7,Anyżowa,Gdynia Anyżowa,5.0,Gdynia,54.47483,18.46977,"54.47483, 18.46977",3971,black
123,Radunica,Pruszcz Radunica (N/Ż),1.0,Gdańsk,54.27884,18.63945,"54.27884, 18.63945",3698,black
170,Ostróżek,Ostróżek (N/Ż),1.0,Gdańsk,54.29036,18.63663,"54.29036, 18.63663",3472,red
169,Węzeł Lipce,Węzeł Lipce (N/Ż),1.0,Gdańsk,54.29804,18.63258,"54.29804, 18.63258",3352,red
168,Niegowska,Niegowska,1.0,Gdańsk,54.30279,18.63081,"54.30279, 18.63081",3292,red
137,Przegalińska,Przegalińska (N/Ż),1.0,Gdańsk,54.30988000000001,18.92535,"54.30988000000001, 18.92535",5162,black
175,Dom Pomocy Społecznej,Dom Pomocy Społecznej,1.0,Gdańsk,54.3099,18.62018,"54.3099, 18.62018",3687,black
167,Ukośna,Ukośna,1.0,Gdańsk,54.31092,18.62953,"54.31092, 18.62953",3540,red
136,Świbnieńska III,Świbnieńska III,1.0,Gdańsk,54.31492,18.93062,"54.31492, 18.93062",5040,black
166,Urząd Dozoru Technicznego,Urząd Dozoru Technicznego,1.0,Gdańsk,54.31581,18.62936,"54.31581, 18.62936",3638,black
165,Nowiny,Nowiny ,1.0,Gdańsk,54.31921,18.6303,"54.31921, 18.6303",3616,black
135,Uzdrowiskowa,Uzdrowiskowa (N/Ż),1.0,Gdańsk,54.3226,18.93189,"54.3226, 18.93189",4948,black
164,Gościnna,Gościnna,1.0,Gdańsk,54.32328,18.63173,"54.32328, 18.63173",3568,red
174,Uranowa,Uranowa,1.0,Gdańsk,54.32611,18.6204,"54.32611, 18.6204",3120,red
173,Platynowa,Platynowa,1.0,Gdańsk,54.32631,18.61128,"54.32631, 18.61128",3000,red
163,Rejtana,Rejtana,1.0,Gdańsk,54.32841,18.63405,"54.32841, 18.63405",2940,red
134,Świbnieńska I,Świbnieńska I (N/Ż),1.0,Gdańsk,54.32959,18.93303,"54.32959, 18.93303",4860,black
172,Małomiejska,Małomiejska (N/Ż),1.0,Gdańsk,54.32961,18.61904,"54.32961, 18.61904",2792,red
171,Ptasia,Ptasia,1.0,Gdańsk,54.33031,18.628020000000006,"54.33031, 18.628020000000006",2700,red
151,Gęsia,Gęsia,1.0,Gdańsk,54.33096999999999,18.66711,"54.33096999999999, 18.66711",4048,black
162,Sandomierska,Sandomierska ,1.0,Gdańsk,54.33244000000001,18.6348,"54.33244000000001, 18.6348",2692,yellow
133,Przystań,Przystań,1.0,Gdańsk,54.33443000000001,18.9342,"54.33443000000001, 18.9342",4800,black
150,Bratki,Bratki,1.0,Gdańsk,54.33461,18.67104,"54.33461, 18.67104",3000,red
152,Olszynka - Niwki,Olszynka Niwki,1.0,Gdańsk,54.33591,18.67726,"54.33591, 18.67726",3300,red
161,Zremb,Zremb (N/Ż),1.0,Gdańsk,54.33594,18.63661,"54.33594, 18.63661",2554,yellow
132,Węgorzowa,Węgorzowa,1.0,Gdańsk,54.33615,18.9255,"54.33615, 18.9255",4769,black
159,Mostowa,Mostowa,1.0,Gdańsk,54.33635,18.64862,"54.33635, 18.64862",3148,red
131,Kempingowa,Kempingowa,1.0,Gdańsk,54.33655,18.9165,"54.33655, 18.9165",4750,black
130,Trałowa - Szkoła,Trałowa - Szkoła,1.0,Gdańsk,54.33711,18.91078,"54.33711, 18.91078",4678,black
149,Sierpowa,Sierpowa,1.0,Gdańsk,54.33786,18.67404,"54.33786, 18.67404",2940,red
184,Cieszyńskiego,Cieszyńskiego,1.0,Gdańsk,54.33826,18.60979,"54.33826, 18.60979",2160,yellow
198,Damroki,Damroki,1.0,Gdańsk,54.33866999999999,18.56424,"54.33866999999999, 18.56424",2912,red
143,Cedrowa,Cedrowa,1.0,Gdańsk,54.33914,18.58661,"54.33914, 18.58661",2892,red
153,Zawodzie,Zawodzie,1.0,Gdańsk,54.33932,18.6867,"54.33932, 18.6867",4116,black
129,Kwiatowa,Kwiatowa,1.0,Gdańsk,54.33939,18.89365,"54.33939, 18.89365",4543,black
183,Dragana - Szkoła,Dragana - Szkoła,1.0,Gdańsk,54.33943000000001,18.60598,"54.33943000000001, 18.60598",2462,yellow
160,Elmet,Elmet (N/Ż),1.0,Gdańsk,54.33981,18.64038,"54.33981, 18.64038",2511,yellow
128,Orlinki,Orlinki (N/Ż),1.0,Gdańsk,54.34025,18.88645,"54.34025, 18.88645",4440,black
157,Wróbla,Wróbla,1.0,Gdańsk,54.3405,18.65788,"54.3405, 18.65788",3316,red
158,Brama Nizinna,Brama Nizinna,1.0,Gdańsk,54.34054,18.648,"54.34054, 18.648",2977,red
177,Cmentarna,Cmentarna (N/Ż),1.0,Gdańsk,54.34079000000001,18.63566,"54.34079000000001, 18.63566",2884,red
182,Dragana - Kładka,Dragana - Kładka,1.0,Gdańsk,54.34106,18.61164,"54.34106, 18.61164",2466,yellow
187,Worcella,Worcella,1.0,Gdańsk,54.34118,18.62639,"54.34118, 18.62639",2758,red
199,Zwierzyniecka,Zwierzyniecka (N/Ż),1.0,Gdańsk,54.34155,18.55584,"54.34155, 18.55584",2478,yellow
127,Lazurowa,Lazurowa,1.0,Gdańsk,54.34166,18.87289,"54.34166, 18.87289",4419,black
181,Grabowskiego,Grabowskiego,1.0,Gdańsk,54.34169,18.62137,"54.34169, 18.62137",2785,red
138,Benzynowa,Benzynowa (N/Ż),1.0,Gdańsk,54.34169,18.7528,"54.34169, 18.7528",3720,black
189,Chałubińskiego,Chałubińskiego (N/Ż),1.0,Gdańsk,54.34211,18.61801,"54.34211, 18.61801",2760,red
190,Chałubińskiego,Chałubińskiego,1.0,Gdańsk,54.34216,18.61708,"54.34216, 18.61708",2940,red
139,Oczyszczalnia,Oczyszczalnia (N/Ż),1.0,Gdańsk,54.34217,18.75799,"54.34217, 18.75799",3780,black
180,Wronki,Wronki,1.0,Gdańsk,54.34222,18.62831,"54.34222, 18.62831",2539,yellow
113,Rejenta,Rejenta,1.0,Gdańsk,54.34225,18.60559,"54.34225, 18.60559",2321,yellow
176,Zaroślak,Zaroślak,1.0,Gdańsk,54.34236,18.64229,"54.34236, 18.64229",2476,yellow
126,Pole Namiotowe,Pole Namiotowe (N/Ż),1.0,Gdańsk,54.34239,18.86483,"54.34239, 18.86483",4320,black
179,Reformacka,Reformacka,1.0,Gdańsk,54.34255,18.63054,"54.34255, 18.63054",2749,red
125,Kanałowa,Kanałowa (N/Ż),1.0,Gdańsk,54.3428,18.83915,"54.3428, 18.83915",5141,black
140,Naftowa,Naftowa (N/Ż),1.0,Gdańsk,54.34287,18.76952,"54.34287, 18.76952",3900,black
178,Stoczniowców,Stoczniowców (N/Ż),1.0,Gdańsk,54.34325,18.63179,"54.34325, 18.63179",2653,yellow
156,Dolna,Dolna,1.0,Gdańsk,54.34334000000001,18.65888,"54.34334000000001, 18.65888",3239,red
114,Zosi,Zosi,1.0,Gdańsk,54.34354,18.61137,"54.34354, 18.61137",2115,yellow
124,Sobieszewo,Sobieszewo,1.0,Gdańsk,54.34359,18.82609,"54.34359, 18.82609",4500,black
112,Rafineria,Rafineria,1.0,Gdańsk,54.34404,18.7219,"54.34404, 18.7219",3592,red
155,Muzeum Narodowe,Muzeum Narodowe,1.0,Gdańsk,54.34477,18.64815,"54.34477, 18.64815",2928,red
188,Drwęcka (n/ż),Drwęcka,1.0,Gdańsk,54.34492,18.61803,"54.34492, 18.61803",2202,yellow
197,Pagórkowa,Pagórkowa,1.0,Gdańsk,54.34504,18.59142,"54.34504, 18.59142",2046,yellow
116,Soplicy,Soplicy,1.0,Gdańsk,54.34505,18.60704,"54.34505, 18.60704",1998,yellow
115,Domeyki,Domeyki,1.0,Gdańsk,54.3451,18.61156,"54.3451, 18.61156",2075,yellow
154,Maki,Maki,1.0,Gdańsk,54.34511,18.67471,"54.34511, 18.67471",3401,red
186,Odrzańska,Odrzańska (N/Ż),1.0,Gdańsk,54.34513000000001,18.62567,"54.34513000000001, 18.62567",2261,yellow
101,Żarnowiecka,Żarnowiecka,1.0,Gdańsk,54.34557,18.67879,"54.34557, 18.67879",3531,red
196,Zielony Stok,Zielony Stok,1.0,Gdańsk,54.34559,18.59607,"54.34559, 18.59607",1903,yellow
100,Brodnicka,Brodnicka,1.0,Gdańsk,54.34574,18.47671,"54.34574, 18.47671",3002,red
145,Jodowa,Jodowa,1.0,Gdańsk,54.34586,18.82041,"54.34586, 18.82041",4599,black
142,Zagroble,Zagroble (N/Ż),1.0,Gdańsk,54.34693000000001,18.78514,"54.34693000000001, 18.78514",4080,black
141,Płońska,Płońska (N/Ż),1.0,Gdańsk,54.34705,18.77397,"54.34705, 18.77397",3960,black
111,Michałki,Michałki (N/Ż),1.0,Gdańsk,54.3472,18.718020000000006,"54.3472, 18.718020000000006",3588,red
194,Emaus,Emaus,1.0,Gdańsk,54.34746,18.6043,"54.34746, 18.6043",1735,blue
146,Tęczowa,Tęczowa (N/Ż),1.0,Gdańsk,54.34829000000001,18.80993,"54.34829000000001, 18.80993",4657,black
185,Pohulanka,Pohulanka (N/Ż),1.0,Gdańsk,54.34846,18.63683,"54.34846, 18.63683",2068,yellow
195,Siedlce,Siedlce,1.0,Gdańsk,54.34855,18.60667,"54.34855, 18.60667",1609,blue
107,Miałki Szlak,Miałki Szlak (N/Ż),1.0,Gdańsk,54.34886,18.68411,"54.34886, 18.68411",3120,red
193,Zakopiańska,Zakopiańska,1.0,Gdańsk,54.34887,18.61877,"54.34887, 18.61877",1620,blue
147,Nadwiślańska,Nadwiślańska (N/Ż),1.0,Gdańsk,54.3489,18.80357,"54.3489, 18.80357",4620,black
108,Węzeł Elbląska,Węzeł Elbląska (N/Ż),1.0,Gdańsk,54.34894,18.69207,"54.34894, 18.69207",3180,red
148,Ornitologów,Ornitologów (N/Ż),1.0,Gdańsk,54.34909,18.79867,"54.34909, 18.79867",4732,black
106,Mostek,Mostek,1.0,Gdańsk,54.34936,18.67455,"54.34936, 18.67455",3212,red
192,Bema,Bema,1.0,Gdańsk,54.3507,18.632,"54.3507, 18.632",1819,yellow
191,Urząd Miejski,Urząd Miejski,1.0,Gdańsk,54.35136,18.63921,"54.35136, 18.63921",1620,blue
109,Błonia,Błonia,1.0,Gdańsk,54.351380000000006,18.70376,"54.351380000000006, 18.70376",3367,red
110,Tarcice,Tarcice,1.0,Gdańsk,54.35233,18.70851,"54.35233, 18.70851",3487,red
102,Siennicka,Siennicka,1.0,Gdańsk,54.35745,18.67906,"54.35745, 18.67906",3693,black
103,Przetoczna,Przetoczna,1.0,Gdańsk,54.3607,18.67283,"54.3607, 18.67283",4082,black
104,Przejazd Kolejowy,Przejazd Kolejowy,1.0,Gdańsk,54.3662,18.67358,"54.3662, 18.67358",4543,black
105,Kujawska,Kujawska,1.0,Gdańsk,54.37692,18.670720000000006,"54.37692, 18.670720000000006",3164,red
119,Klonowicza,Klonowicza,1.0,Gdańsk,54.38724000000001,18.62835,"54.38724000000001, 18.62835",2340,yellow
118,Ostroroga,Ostroroga,1.0,Gdańsk,54.38773000000001,18.62409,"54.38773000000001, 18.62409",2220,yellow
117,Chrobrego,Chrobrego (N/Ż),1.0,Gdańsk,54.38796,18.61767,"54.38796, 18.61767",2100,yellow
144,Nowa Gdańska,Nowa Gdańska (N/Ż),1.0,Gdańsk,54.39711,18.63405,"54.39711, 18.63405",2460,yellow
120,Leszczyńskich,Leszczyńskich,1.0,Gdańsk,54.39994,18.60679,"54.39994, 18.60679",2076,yellow
121,Meissnera,Meissnera,1.0,Gdańsk,54.40186,18.60291,"54.40186, 18.60291",2249,yellow
122,Olsztyńska,Olsztyńska,1.0,Gdańsk,54.40565,18.60399,"54.40565, 18.60399",2200,yellow
226,Starogardzka,Starogardzka,1.0,Gdańsk,54.30211,18.60841,"54.30211, 18.60841",3720,black
225,Przemian,Przemian (N/Ż),1.0,Gdańsk,54.305,18.60391,"54.305, 18.60391",3705,black
224,Przebiśniegowa,Przebiśniegowa,1.0,Gdańsk,54.31585,18.59374,"54.31585, 18.59374",3120,red
223,Niepołomicka,Niepołomicka,1.0,Gdańsk,54.32023,18.59515,"54.32023, 18.59515",3180,red
222,Łódzka,Łódzka (N/Ż),1.0,Gdańsk,54.32308,18.60284,"54.32308, 18.60284",2980,red
217,Szkoła Podstawowa nr 6,Szkoła Podstawowa nr 6,1.0,Gdańsk,54.32626,18.5686,"54.32626, 18.5686",3243,red
216,Nowa Bulońska,Nowa Bulońska,1.0,Gdańsk,54.3284,18.56972,"54.3284, 18.56972",3074,red
221,Płocka,Płocka,1.0,Gdańsk,54.32899000000001,18.59867,"54.32899000000001, 18.59867",2746,red
220,Przemyska,Przemyska,1.0,Gdańsk,54.33327,18.59614,"54.33327, 18.59614",2325,yellow
219,Kielecka,Kielecka,1.0,Gdańsk,54.33403000000001,18.59196,"54.33403000000001, 18.59196",2356,yellow
215,Kiełpino - Szkoła,Kiełpino - Szkoła,1.0,Gdańsk,54.33976,18.50809,"54.33976, 18.50809",3620,black
218,Cmentarz Łostowicki,Cmentarz Łostowicki,1.0,Gdańsk,54.34003000000001,18.60132,"54.34003000000001, 18.60132",2406,yellow
210,Pólnicy,Pólnicy,1.0,Gdańsk,54.34044,18.5593,"54.34044, 18.5593",2940,red
200,Źródlana,Źródlana,1.0,Gdańsk,54.34198000000001,18.55352,"54.34198000000001, 18.55352",2360,yellow
209,Gronostajowa,Gronostajowa (N/Ż),1.0,Gdańsk,54.34281,18.54935,"54.34281, 18.54935",2252,yellow
201,Jasień Działki,Jasień Działki (N/Ż),1.0,Gdańsk,54.34432,18.54227,"54.34432, 18.54227",3171,red
202,Węzeł Karczemki,Węzeł Karczemki (N/Ż),1.0,Gdańsk,54.34734,18.5279,"54.34734, 18.5279",2095,yellow
203,Karczemki,Karczemki,1.0,Gdańsk,54.34964,18.51244,"54.34964, 18.51244",3686,black
237,Nowolipie,Nowolipie (N/Ż),1.0,Gdańsk,54.34975,18.59829,"54.34975, 18.59829",1680,blue
204,Inżynierska,Inżynierska (N/Ż),1.0,Gdańsk,54.35179,18.50124,"54.35179, 18.50124",3609,black
227,Hevelianum,Hevelianum,1.0,Gdańsk,54.35275,18.63489,"54.35275, 18.63489",1560,blue
205,Fabryczna,Fabryczna,1.0,Gdańsk,54.35329,18.49447,"54.35329, 18.49447",3786,black
233,Nad Jarem,Nad Jarem,1.0,Gdańsk,54.35376,18.61434,"54.35376, 18.61434",1525,blue
235,Park Naukowo - Technologiczny,Park Naukowo - Technologiczny,1.0,Gdańsk,54.35458000000001,18.5958,"54.35458000000001, 18.5958",1196,blue
232,Kurpińskiego,Kurpińskiego,1.0,Gdańsk,54.35528000000001,18.59715,"54.35528000000001, 18.59715",1080,blue
253,Budapesztańska,Budapesztańska,1.0,Gdańsk,54.35574,18.57814,"54.35574, 18.57814",838,green
230,Wagnera,Wagnera,1.0,Gdańsk,54.35578,18.61359,"54.35578, 18.61359",1260,blue
228,Płowce,Płowce,1.0,Gdańsk,54.35592,18.63011,"54.35592, 18.63011",1440,blue
231,Otwarta,Otwarta,1.0,Gdańsk,54.35596,18.6034,"54.35596, 18.6034",1140,blue
229,Cygańska Góra,Cygańska Góra,1.0,Gdańsk,54.35712,18.61987,"54.35712, 18.61987",1320,blue
245,Schuberta,Schuberta ,1.0,Gdańsk,54.35746,18.59951,"54.35746, 18.59951",1430,blue
252,Warneńska,Warneńska,1.0,Gdańsk,54.35767,18.58296,"54.35767, 18.58296",540,green
251,Piecewska,Piecewska,1.0,Gdańsk,54.35837,18.58693,"54.35837, 18.58693",768,green
244,Schumana,Schumana,1.0,Gdańsk,54.35923,18.6038,"54.35923, 18.6038",1497,blue
206,Transportowców,Transportowców,1.0,Gdańsk,54.35941,18.49139,"54.35941, 18.49139",1635,blue
255,Kolumba,Kolumba,1.0,Gdańsk,54.36033000000001,18.57789,"54.36033000000001, 18.57789",531,green
250,Dobrowolskiego,Dobrowolskiego,1.0,Gdańsk,54.36066999999999,18.58955,"54.36066999999999, 18.58955",840,green
234,Wileńska,Piecki Wileńska,1.0,Gdańsk,54.36183000000001,18.59507,"54.36183000000001, 18.59507",780,green
243,Pomorskie Szkoły Rzemiosł,Pomorskie Szkoły Rzemiosł,1.0,Gdańsk,54.36194,18.61108,"54.36194, 18.61108",1823,yellow
208,Kokoszki - Poczta,Kokoszki Poczta (N/Ż),1.0,Gdańsk,54.36385,18.48111,"54.36385, 18.48111",3975,black
211,Unimor,Unimor (N/Ż),1.0,Gdańsk,54.36401,18.47239,"54.36401, 18.47239",3960,black
207,Nowatorów,Nowatorów,1.0,Gdańsk,54.36405,18.49177,"54.36405, 18.49177",2466,yellow
242,Jarowa,Jarowa,1.0,Gdańsk,54.36425,18.61194,"54.36425, 18.61194",1740,blue
254,Brętowo PKM,Brętowo PKM,1.0,Gdańsk,54.36431,18.57331,"54.36431, 18.57331",408,green
249,Strzelnica,Strzelnica (N/Ż),1.0,Gdańsk,54.36552,18.58893,"54.36552, 18.58893",1146,blue
212,Centrostal,Centrostal (N/Ż),1.0,Gdańsk,54.36636,18.46767,"54.36636, 18.46767",4132,black
281,Potokowa - Matemblewska,Potokowa - Matemblewska (N/Ż),1.0,Gdańsk,54.36646,18.5631,"54.36646, 18.5631",871,green
280,Dolne Młyny,Dolne Młyny (N/Ż),1.0,Gdańsk,54.36665,18.56773,"54.36665, 18.56773",633,green
241,Kręta,Kręta,1.0,Gdańsk,54.36735,18.61299,"54.36735, 18.61299",1855,yellow
214,Instal,Instal (N/Ż),1.0,Gdańsk,54.3675,18.46569,"54.3675, 18.46569",4020,black
248,Falista,Falista (N/Ż),1.0,Gdańsk,54.36787,18.59324,"54.36787, 18.59324",1417,blue
213,"Schronisko dla zwierząt ""Promyk""","Schronisko dla zwierząt ""Promyk"" (N/Ż)",1.0,Gdańsk,54.36913000000001,18.46222,"54.36913000000001, 18.46222",4117,black
278,Ogrodowa,Ogrodowa (N/Ż) ,1.0,Gdańsk,54.3695,18.57099,"54.3695, 18.57099",240,green
240,Siedlicka,Siedlicka,1.0,Gdańsk,54.37005,18.6113,"54.37005, 18.6113",1920,yellow
272,Rakietowa,Rakietowa (N/Ż),1.0,Gdańsk,54.37009000000001,18.48124,"54.37009000000001, 18.48124",4488,black
246,Na Wzgórzu,Na Wzgórzu,1.0,Gdańsk,54.37042,18.5973,"54.37042, 18.5973",1843,yellow
262,Słowackiego Działki,Słowackiego Działki (N/Ż),1.0,Gdańsk,54.37058,18.55627,"54.37058, 18.55627",1132,blue
279,Ogrodowa,Ogrodowa (N/Ż),1.0,Gdańsk,54.37136,18.570220000000006,"54.37136, 18.570220000000006",413,green
273,Kosmonautów,Kosmonautów (N/Ż),1.0,Gdańsk,54.37283000000001,18.47332,"54.37283000000001, 18.47332",4852,black
247,Sobótki,Sobótki,1.0,Gdańsk,54.37448000000001,18.60547,"54.37448000000001, 18.60547",1905,yellow
260,Potokowa,Potokowa,1.0,Gdańsk,54.37464,18.56879,"54.37464, 18.56879",301,green
238,Matejki,Matejki,1.0,Gdańsk,54.37485,18.6131,"54.37485, 18.6131",2263,yellow
274,Bysewo,Bysewo (N/Ż),1.0,Gdańsk,54.37544000000001,18.46278,"54.37544000000001, 18.46278",4316,black
263,Harfowa,Harfowa,1.0,Gdańsk,54.37604,18.52317,"54.37604, 18.52317",1509,blue
264,Agrarna,Agrarna,1.0,Gdańsk,54.37628,18.5097,"54.37628, 18.5097",1816,yellow
239,Uphagena,Uphagena,1.0,Gdańsk,54.37668000000001,18.6151,"54.37668000000001, 18.6151",2040,yellow
265,Astronautów,Astronautów,1.0,Gdańsk,54.37709,18.50294,"54.37709, 18.50294",1882,yellow
275,"Ogrody Działkowe ""Rębiechowo"" II","Ogrody Działkowe ""Rębiechowo"" II (N/Ż)",1.0,Gdańsk,54.37769,18.45333,"54.37769, 18.45333",4799,black
236,Jaśkowa Dolina,Jaśkowa Dolina,1.0,Gdańsk,54.37784,18.60663,"54.37784, 18.60663",1632,blue
259,Trawki,Trawki (N/Ż),1.0,Gdańsk,54.37797,18.57462,"54.37797, 18.57462",848,green
282,Podkarpacka,Podkarpacka,1.0,Gdańsk,54.37798000000001,18.56613,"54.37798000000001, 18.56613",133,green
294,Biała,Biała,1.0,Gdańsk,54.37804000000001,18.61536,"54.37804000000001, 18.61536",1796,blue
266,Szybowcowa,Szybowcowa (N/Ż),1.0,Gdańsk,54.37881,18.48843,"54.37881, 18.48843",1990,yellow
276,"Ogrody Działkowe ""Rębiechowo"" I","Ogrody Działkowe ""Rębiechowo"" I (N/Ż)",1.0,Gdańsk,54.37886999999999,18.44833,"54.37886999999999, 18.44833",3644,black
258,Srebrniki,Srebrniki,1.0,Gdańsk,54.37891,18.5806,"54.37891, 18.5806",600,green
267,Firoga,Firoga,1.0,Gdańsk,54.37973,18.48323,"54.37973, 18.48323",1743,blue
257,Chrzanowskiego,Chrzanowskiego,1.0,Gdańsk,54.38013,18.58689,"54.38013, 18.58689",660,green
256,Galeria Bałtycka,Galeria Bałtycka,1.0,Gdańsk,54.38298,18.59881,"54.38298, 18.59881",960,blue
293,Mickiewicza,Mickiewicza,1.0,Gdańsk,54.38338,18.62058,"54.38338, 18.62058",2208,yellow
277,Przyrodników,Przyrodników,1.0,Gdańsk,54.38425,18.4327,"54.38425, 18.4327",2601,yellow
268,Radarowa,Radarowa,1.0,Gdańsk,54.38457,18.48614,"54.38457, 18.48614",1986,yellow
283,Kilińskiego,Kilińskiego,1.0,Gdańsk,54.38536,18.60317,"54.38536, 18.60317",1271,blue
271,Spadochroniarzy,Spadochroniarzy,1.0,Gdańsk,54.38571,18.47056,"54.38571, 18.47056",2226,yellow
284,Legionów,Legionów,1.0,Gdańsk,54.38743,18.61149,"54.38743, 18.61149",1710,blue
269,Ikara,Ikara,1.0,Gdańsk,54.38898,18.48225,"54.38898, 18.48225",2098,yellow
292,Lwowska,Lwowska,1.0,Gdańsk,54.38967,18.62205,"54.38967, 18.62205",2478,yellow
285,Kopalniana,Kopalniana,1.0,Gdańsk,54.38981,18.61696,"54.38981, 18.61696",2296,yellow
270,Radiowa,Radiowa (N/Ż),1.0,Gdańsk,54.39003,18.47561,"54.39003, 18.47561",2166,yellow
286,Ciołkowskiego,Ciołkowskiego,1.0,Gdańsk,54.39433,18.61756,"54.39433, 18.61756",2660,yellow
287,Drzewieckiego,Drzewieckiego,1.0,Gdańsk,54.39544,18.61276,"54.39544, 18.61276",2481,yellow
291,Grudziądzka,Grudziądzka,1.0,Gdańsk,54.39686,18.622020000000006,"54.39686, 18.622020000000006",2702,red
288,Korczaka,Korczaka (N/Ż),1.0,Gdańsk,54.39924,18.60861,"54.39924, 18.60861",2087,yellow
289,Zaspa - Szpital,Zaspa Szpital,1.0,Gdańsk,54.4037,18.61191,"54.4037, 18.61191",2040,yellow
290,Czarny Dwór,Czarny Dwór,1.0,Gdańsk,54.40678000000001,18.61637,"54.40678000000001, 18.61637",2160,yellow
295,Bora Komorowskiego,Bora - Komorowskiego,1.0,Gdańsk,54.40875,18.5865,"54.40875, 18.5865",1964,yellow
299,Biały Dwór,Biały Dwór,1.0,Gdańsk,54.40912,18.60482,"54.40912, 18.60482",2237,yellow
296,Czerwony Dwór,Czerwony Dwór,1.0,Gdańsk,54.41237,18.58897,"54.41237, 18.58897",1833,yellow
297,Jagiellońska,Jagiellońska,1.0,Gdańsk,54.41311999999999,18.59316,"54.41311999999999, 18.59316",2038,yellow
298,Park Reagana,Park Reagana,1.0,Gdańsk,54.41404,18.59838,"54.41404, 18.59838",2335,yellow
261,Rybacka,Rybacka,1.0,Gdańsk,54.42428,18.57754,"54.42428, 18.57754",2475,yellow
350,Krzemowa,Krzemowa,1.0,Gdańsk,54.32462,18.61801,"54.32462, 18.61801",3060,red
395,Przywidzka,Przywidzka,1.0,Gdańsk,54.32525,18.54933,"54.32525, 18.54933",2888,red
361,Łanowa II,Łanowa II (N/Ż),1.0,Gdańsk,54.32615,18.67281,"54.32615, 18.67281",4525,black
382,Świbnieńska II,Świbnieńska II (N/Ż),1.0,Gdańsk,54.32619,18.93246,"54.32619, 18.93246",4860,black
394,Szadółki,Szadółki,1.0,Gdańsk,54.32839,18.55193,"54.32839, 18.55193",2700,red
398,Stokrotki,Stokrotki,1.0,Gdańsk,54.33253000000001,18.66619,"54.33253000000001, 18.66619",3948,black
390,Jeziorowa,Jeziorowa,1.0,Gdańsk,54.33456999999999,18.55947,"54.33456999999999, 18.55947",3020,red
352,Bluszczowa,Bluszczowa (N/Ż),1.0,Gdańsk,54.33786,18.66695,"54.33786, 18.66695",3963,black
392,Boguckiego,Boguckiego (N/Ż),1.0,Gdańsk,54.33806,18.90416,"54.33806, 18.90416",4590,black
391,Jaworowa,Jaworowa,1.0,Gdańsk,54.33877,18.55969,"54.33877, 18.55969",3108,red
393,Dobra,Dobra (N/Ż),1.0,Gdańsk,54.34119000000001,18.65524,"54.34119000000001, 18.65524",3180,red
385,Kamienna Grobla,Kamienna Grobla,1.0,Gdańsk,54.34178000000001,18.6556,"54.34178000000001, 18.6556",3243,red
383,Dworkowa,Dworkowa,1.0,Gdańsk,54.34445,18.68132,"54.34445, 18.68132",3611,black
384,Akademia Muzyczna,Akademia Muzyczna,1.0,Gdańsk,54.34463,18.66529,"54.34463, 18.66529",2820,red
396,Na Szańcach,Na Szańcach,1.0,Gdańsk,54.34469,18.6731,"54.34469, 18.6731",3393,red
359,Mostek,Mostek ,1.0,Gdańsk,54.34905,18.67436,"54.34905, 18.67436",3060,red
341,Karczemki Szkoła,Karczemki Szkoła,1.0,Gdańsk,54.3524,18.51104,"54.3524, 18.51104",2823,red
342,Maciejkowa,Maciejkowa,1.0,Gdańsk,54.35385,18.50519,"54.35385, 18.50519",3802,black
343,Św. Brata Alberta,Św. Brata Alberta,1.0,Gdańsk,54.3558,18.50384,"54.3558, 18.50384",3999,black
344,Fundamentowa,Fundamentowa (N/Ż),1.0,Gdańsk,54.35671,18.49411,"54.35671, 18.49411",3870,black
345,Montażystów,Montażystów (N/Ż),1.0,Gdańsk,54.35862,18.49779,"54.35862, 18.49779",4117,black
335,Brama Oliwska,Brama Oliwska (N/Ż),1.0,Gdańsk,54.36241,18.640220000000006,"54.36241, 18.640220000000006",2554,yellow
399,Botaniczna,Botaniczna (N/Ż),1.0,Gdańsk,54.36493000000001,18.45928,"54.36493000000001, 18.45928",4505,black
357,Uniwersytet Medyczny,Uniwersytet Medyczny,1.0,Gdańsk,54.36734000000001,18.63161,"54.36734000000001, 18.63161",2410,yellow
358,Uniwersytet Medyczny,Uniwersytet Medyczny (N/Ż),1.0,Gdańsk,54.36765,18.63291,"54.36765, 18.63291",2594,yellow
379,Stocznia Północna,Stocznia Północna (N/Ż),1.0,Gdańsk,54.37181,18.63377,"54.37181, 18.63377",3120,red
364,Mjr Słabego,Majora Słabego,1.0,Gdańsk,54.37239,18.52229,"54.37239, 18.52229",1506,blue
356,Opera Bałtycka,Opera Bałtycka,1.0,Gdańsk,54.37244000000001,18.62323,"54.37244000000001, 18.62323",1887,yellow
397,Kliniczna,Kliniczna,1.0,Gdańsk,54.37514,18.62651,"54.37514, 18.62651",1610,blue
355,Teatr Miniatura / Radio Gdańsk,Teatr Miniatura / Radio Gdańsk,1.0,Gdańsk,54.37519,18.6176,"54.37519, 18.6176",1807,yellow
363,Wyspiańskiego,Wyspiańskiego (N/Ż),1.0,Gdańsk,54.37638000000001,18.62333,"54.37638000000001, 18.62333",1750,blue
378,Swojska,Swojska (N/Ż),1.0,Gdańsk,54.37945,18.63454,"54.37945, 18.63454",3300,red
381,Mickiewicza,Mickiewicza (N/Ż),1.0,Gdańsk,54.38366,18.62207,"54.38366, 18.62207",2480,yellow
372,Wojska Polskiego,Wojska Polskiego,1.0,Gdańsk,54.38645,18.59185,"54.38645, 18.59185",1417,blue
371,Zamenhofa,Zamenhofa (N/Ż),1.0,Gdańsk,54.38681999999999,18.58486,"54.38681999999999, 18.58486",1433,blue
377,Stadion Energa Gdańsk,Stadion Energa Gdańsk,1.0,Gdańsk,54.38707,18.64885,"54.38707, 18.64885",2520,yellow
373,Wojska Polskiego,Wojska Polskiego (N/Ż),1.0,Gdańsk,54.387130000000006,18.58965,"54.387130000000006, 18.58965",1421,blue
368,Kościuszki,Kościuszki,1.0,Gdańsk,54.38791,18.62123,"54.38791, 18.62123",2266,yellow
366,Legionów,Legionów (N/Ż),1.0,Gdańsk,54.38799,18.61027,"54.38799, 18.61027",1720,blue
360,Kościuszki,Kościuszki (N/Ż),1.0,Gdańsk,54.38829000000001,18.62261,"54.38829000000001, 18.62261",2343,yellow
362,Zajezdnia,Zajezdnia (N/Ż),1.0,Gdańsk,54.38877,18.58099,"54.38877, 18.58099",1181,blue
370,Strzyża PKM,Strzyża PKM (N/Ż),1.0,Gdańsk,54.39085,18.57791,"54.39085, 18.57791",1189,blue
365,Żwirki i Wigury,Żwirki i Wigury (N/Ż),1.0,Gdańsk,54.39212,18.60612,"54.39212, 18.60612",2033,yellow
376,Śnieżna,Śnieżna (N/Ż),1.0,Gdańsk,54.3922,18.657870000000006,"54.3922, 18.657870000000006",3718,black
309,Pilotów,Pilotów,1.0,Gdańsk,54.39232,18.59828,"54.39232, 18.59828",1746,blue
308,Dywizjonu 303,Dywizjonu 303,1.0,Gdańsk,54.39312,18.60011,"54.39312, 18.60011",1860,yellow
380,Drzewieckiego,Drzewieckiego (N/Ż),1.0,Gdańsk,54.39498,18.61318,"54.39498, 18.61318",2530,yellow
307,Rzeczypospolitej,Rzeczypospolitej,1.0,Gdańsk,54.39604,18.60378,"54.39604, 18.60378",1920,yellow
340,Startowa,Startowa,1.0,Gdańsk,54.39703000000001,18.59796,"54.39703000000001, 18.59796",2066,yellow
375,Marynarki Polskiej,Marynarki Polskiej,1.0,Gdańsk,54.39788000000001,18.66658,"54.39788000000001, 18.66658",3870,black
316,Nowy Port Zajezdnia,Nowy Port Zajezdnia,1.0,Gdańsk,54.39793,18.67325,"54.39793, 18.67325",3900,black
354,Plac Wolności,Plac Wolności,1.0,Gdańsk,54.39908000000001,18.66984,"54.39908000000001, 18.66984",3840,black
369,Bażyńskiego,Bażyńskiego (N/Ż),1.0,Gdańsk,54.39951,18.56777,"54.39951, 18.56777",1615,blue
317,Władysława IV,Władysława IV,1.0,Gdańsk,54.39988,18.67514,"54.39988, 18.67514",4103,black
306,Leszczyńskich,Leszczyńskich ,1.0,Gdańsk,54.4,18.60797,"54.4, 18.60797",1980,yellow
315,Wyzwolenia,Wyzwolenia,1.0,Gdańsk,54.40049000000001,18.66096,"54.40049000000001, 18.66096",4166,black
351,al. Płażyńskiego,Aleja Płażyńskiego,1.0,Gdańsk,54.40128000000001,18.62199,"54.40128000000001, 18.62199",2456,yellow
314,Zespół Szkół Morskich,Zespół Szkół Morskich,1.0,Gdańsk,54.40355,18.65393,"54.40355, 18.65393",3757,black
302,Krynicka,Przymorze Krynicka,1.0,Gdańsk,54.40362,18.58799,"54.40362, 18.58799",1965,yellow
312,Dworska,Dworska,1.0,Gdańsk,54.40416,18.6272,"54.40416, 18.6272",2897,red
301,Kołobrzeska,Kołobrzeska,1.0,Gdańsk,54.40428000000001,18.5934,"54.40428000000001, 18.5934",1862,yellow
313,PCK,PCK,1.0,Gdańsk,54.40442,18.63252,"54.40442, 18.63252",2752,red
300,Opolska,Opolska,1.0,Gdańsk,54.40513000000001,18.59784,"54.40513000000001, 18.59784",2059,yellow
353,Krasickiego,Krasickiego (N/Ż),1.0,Gdańsk,54.40599,18.64456,"54.40599, 18.64456",3262,red
367,Obrońców Westerplatte,Obrońców Westerplatte (N/Ż),1.0,Gdańsk,54.40824,18.56284,"54.40824, 18.56284",1714,blue
303,Chłopska,Chłopska ,1.0,Gdańsk,54.40824,18.59106,"54.40824, 18.59106",1865,yellow
304,Obrońców Wybrzeża,Obrońców Wybrzeża ,1.0,Gdańsk,54.40886,18.59432,"54.40886, 18.59432",2032,yellow
318,Cystersów,Cystersów,1.0,Gdańsk,54.409,18.55554,"54.409, 18.55554",2380,yellow
305,Przymorze Wielkie,Przymorze Wielkie,1.0,Gdańsk,54.41053,18.60316,"54.41053, 18.60316",2429,yellow
339,Archikatedra Oliwska,Archikatedra Oliwska (N/Ż),1.0,Gdańsk,54.41078,18.55705,"54.41078, 18.55705",2458,yellow
319,Karwieńska,Karwieńska (N/Ż),1.0,Gdańsk,54.41139,18.54686,"54.41139, 18.54686",2913,red
330,Droszyńskiego,Droszyńskiego,1.0,Gdańsk,54.41254,18.57364,"54.41254, 18.57364",2123,yellow
332,Cmentarz Oliwski,Cmentarz Oliwski,1.0,Gdańsk,54.41346,18.55714,"54.41346, 18.55714",2383,yellow
386,Opacka,Opacka (N/Ż),1.0,Gdańsk,54.413880000000006,18.56595,"54.413880000000006, 18.56595",1887,yellow
329,Poznańska,Poznańska (N/Ż),1.0,Gdańsk,54.41437,18.57934,"54.41437, 18.57934",2277,yellow
331,Sarnia,Sarnia,1.0,Gdańsk,54.41611,18.55858,"54.41611, 18.55858",2313,yellow
389,Przesypownia,Przesypownia (N/Ż),1.0,Gdańsk,54.41672,18.45959,"54.41672, 18.45959",2809,red
311,Piastowska,Piastowska,1.0,Gdańsk,54.41678,18.58688,"54.41678, 18.58688",1800,yellow
328,Tysiąclecia,Tysiąclecia,1.0,Gdańsk,54.41737,18.5921,"54.41737, 18.5921",2103,yellow
346,Pomorska - Osiedle,Pomorska - Osiedle,1.0,Gdańsk,54.418,18.57803,"54.418, 18.57803",2331,yellow
327,Nowy Świat,Nowy Świat,1.0,Gdańsk,54.41877,18.45044,"54.41877, 18.45044",2425,yellow
387,Górskiego,Górskiego,1.0,Gdańsk,54.41877,18.56521,"54.41877, 18.56521",2021,yellow
310,Pomorska,Pomorska,1.0,Gdańsk,54.41925,18.58414,"54.41925, 18.58414",2055,yellow
333,Bobrowa,Bobrowa (N/Ż),1.0,Gdańsk,54.41945,18.5605,"54.41945, 18.5605",2476,yellow
336,Koziorożca,Koziorożca,1.0,Gdańsk,54.41979,18.4706,"54.41979, 18.4706",2931,red
320,Rynarzewo,Rynarzewo (N/Ż),1.0,Gdańsk,54.42163000000001,18.53778,"54.42163000000001, 18.53778",2778,red
334,Czyżewskiego,Czyżewskiego (N/Ż),1.0,Gdańsk,54.42214,18.56199,"54.42214, 18.56199",2229,yellow
337,Zeusa,Zeusa (N/Ż),1.0,Gdańsk,54.42226,18.462670000000006,"54.42226, 18.462670000000006",3359,red
388,Nadwodna,Nadwodna,1.0,Gdańsk,54.42281,18.56397,"54.42281, 18.56397",2137,yellow
374,Jednorożca,Jednorożca,1.0,Gdańsk,54.42415,18.47886,"54.42415, 18.47886",2521,yellow
338,Konkordii,Konkordii (N/Ż),1.0,Gdańsk,54.42448,18.45709,"54.42448, 18.45709",3015,red
326,Biwakowa,Biwakowa,1.0,Gdańsk,54.42703,18.4599,"54.42703, 18.4599",2955,red
321,Osowa Obwodnica,Osowa Obwodnica,1.0,Gdańsk,54.42888000000001,18.49606,"54.42888000000001, 18.49606",3019,red
349,Siedleckiego,Siedleckiego,1.0,Gdańsk,54.42952,18.46936,"54.42952, 18.46936",2941,red
322,Sopocka,Sopocka,1.0,Gdańsk,54.4301,18.47627,"54.4301, 18.47627",2595,yellow
325,Niedziałkowskiego,Niedziałkowskiego,1.0,Gdańsk,54.43028,18.46199,"54.43028, 18.46199",2895,red
323,Nowa,Nowa,1.0,Gdańsk,54.43251,18.47132,"54.43251, 18.47132",2655,yellow
324,Barniewicka,Barniewicka,1.0,Gdańsk,54.43421,18.46608,"54.43421, 18.46608",2775,red
347,Iławska,Iławska,1.0,Gdańsk,54.43956,18.45845,"54.43956, 18.45845",3435,red
348,Myśliborska,Myśliborska,1.0,Gdańsk,54.4419,18.45124,"54.4419, 18.45124",3495,red
481,Hokejowa,Hokejowa,1.0,Gdańsk,54.3105,18.58878,"54.3105, 18.58878",3886,black
499,Sobieszewska Pastwa 2,Sobieszewska Pastwa 2 (N/Ż),1.0,Gdańsk,54.31258,18.87351,"54.31258, 18.87351",5460,black
425,Srebrna,Srebrna,1.0,Gdańsk,54.31282,18.59647,"54.31282, 18.59647",3240,red
496,Przegalińska - Schronisko,Przegalińska - Schronisko (N/Ż),1.0,Gdańsk,54.3139,18.91137,"54.3139, 18.91137",5512,black
469,Knyszyńska,Knyszyńska,1.0,Gdańsk,54.31391,18.60327,"54.31391, 18.60327",3300,red
468,Szmaragdowa,Szmaragdowa,1.0,Gdańsk,54.31462,18.60027,"54.31462, 18.60027",3513,red
443,Liliowa,Liliowa,1.0,Gdańsk,54.31549,18.59097,"54.31549, 18.59097",3344,red
497,Dulkowa,Dulkowa (N/Ż),1.0,Gdańsk,54.3157,18.90229,"54.3157, 18.90229",5963,black
498,Komary,Komary (N/Ż),1.0,Gdańsk,54.31571,18.894,"54.31571, 18.894",5671,black
406,Modra I,Modra I (N/Ż),1.0,Gdańsk,54.31609,18.68543,"54.31609, 18.68543",3420,red
494,Porębskiego,Porębskiego,1.0,Gdańsk,54.31765,18.58237,"54.31765, 18.58237",3608,black
439,Wieżycka,Wieżycka,1.0,Gdańsk,54.3181,18.5868,"54.3181, 18.5868",3300,red
405,Łanowa IV,Łanowa IV (N/Ż),1.0,Gdańsk,54.31908000000001,18.68102,"54.31908000000001, 18.68102",3360,red
407,Modra II,Modra II (N/Ż),1.0,Gdańsk,54.32114,18.69353,"54.32114, 18.69353",3540,red
404,Łanowa III,Łanowa III (N/Ż),1.0,Gdańsk,54.32231,18.67724,"54.32231, 18.67724",3971,black
467,Czermińskiego,Czermińskiego,1.0,Gdańsk,54.32241,18.55242,"54.32241, 18.55242",3031,red
483,Zakład Utylizacyjny,Zakład Utylizacyjny,1.0,Gdańsk,54.3229,18.54067,"54.3229, 18.54067",3395,red
445,Szadółki Obwodnica,Szadółki Obwodnica (N/Ż),1.0,Gdańsk,54.32297,18.542820000000006,"54.32297, 18.542820000000006",3287,red
420,Świętokrzyska,Świętokrzyska (N/Ż),1.0,Gdańsk,54.32436,18.60387,"54.32436, 18.60387",2942,red
408,Modra III,Modra III (N/Ż),1.0,Gdańsk,54.32636,18.68749,"54.32636, 18.68749",4243,black
435,Głucha,Głucha,1.0,Gdańsk,54.32782,18.64123,"54.32782, 18.64123",3578,red
446,Lubowidzka,Lubowidzka (N/Ż),1.0,Gdańsk,54.32798,18.538120000000006,"54.32798, 18.538120000000006",3818,black
403,Łanowa I,Łanowa I (N/Ż),1.0,Gdańsk,54.32825,18.67029,"54.32825, 18.67029",4319,black
409,Modra IV,Modra IV (N/Ż),1.0,Gdańsk,54.32937,18.68401,"54.32937, 18.68401",3951,black
471,Rogalińska,Rogalińska,1.0,Gdańsk,54.33107,18.60045,"54.33107, 18.60045",2663,yellow
434,Kolonia Mysia,Kolonia Mysia,1.0,Gdańsk,54.33196,18.64286,"54.33196, 18.64286",3480,red
431,Olszyńska,Olszyńska,1.0,Gdańsk,54.33359,18.65681,"54.33359, 18.65681",3326,red
432,Olszyńska,Olszyńska ,1.0,Gdańsk,54.33405,18.65529,"54.33405, 18.65529",3240,red
433,Przybrzeżna,Przybrzeżna (N/Ż),1.0,Gdańsk,54.3349,18.647920000000006,"54.3349, 18.647920000000006",3142,red
460,Miedza,Miedza (N/Ż),1.0,Gdańsk,54.33517,18.66182,"54.33517, 18.66182",3600,black
470,Osiedle Jary,Osiedle Jary,1.0,Gdańsk,54.33583,18.60057,"54.33583, 18.60057",2363,yellow
473,Zagony,Zagony (N/Ż),1.0,Gdańsk,54.33634,18.65865,"54.33634, 18.65865",3584,red
402,Kopeckiego,Kopeckiego,1.0,Gdańsk,54.33727,18.6128,"54.33727, 18.6128",2344,yellow
423,Sikorskiego,Sikorskiego,1.0,Gdańsk,54.33826,18.61723,"54.33826, 18.61723",2523,yellow
442,Łapińska,Łapińska (N/Ż),1.0,Gdańsk,54.33975,18.50097,"54.33975, 18.50097",3720,black
478,Śluza,Śluza,1.0,Gdańsk,54.34116,18.65822,"54.34116, 18.65822",3316,red
451,Forsycji,Forsycji (N/Ż),1.0,Gdańsk,54.34239,18.85777,"54.34239, 18.85777",4260,black
462,Turystyczna,Turystyczna (N/Ż),1.0,Gdańsk,54.3426,18.85214,"54.3426, 18.85214",4239,black
426,Falowa,Falowa (N/Ż),1.0,Gdańsk,54.34307,18.83613,"54.34307, 18.83613",4996,black
411,Życzliwa,Życzliwa (N/Ż),1.0,Gdańsk,54.34588000000001,18.53334,"54.34588000000001, 18.53334",3180,red
428,Sobieszewska,Sobieszewska (N/Ż),1.0,Gdańsk,54.34692,18.8162,"54.34692, 18.8162",4560,black
412,Gostyńska Szpital,Gostyńska Szpital (N/Ż),1.0,Gdańsk,54.3474,18.51065,"54.3474, 18.51065",3801,black
454,Dom Fahrenheita,Dom Fahrenheita,1.0,Gdańsk,54.34757,18.65232,"54.34757, 18.65232",2456,yellow
453,Teatr Szekspirowski,Teatr Szekspirowski (N/Ż),1.0,Gdańsk,54.34837,18.64718,"54.34837, 18.64718",2218,yellow
492,Przytulna,Przytulna,1.0,Gdańsk,54.34838000000001,18.53332,"54.34838000000001, 18.53332",1930,yellow
455,Długi Targ,Długi Targ,1.0,Gdańsk,54.34874,18.65439,"54.34874, 18.65439",2418,yellow
493,Szczęśliwa,Szczęśliwa,1.0,Gdańsk,54.34907,18.528,"54.34907, 18.528",1944,yellow
456,Świętego Ducha,Świętego Ducha,1.0,Gdańsk,54.3502,18.65491,"54.3502, 18.65491",2323,yellow
466,Staw Wróbla,Staw Wróbla ,1.0,Gdańsk,54.35021999999999,18.55494,"54.35021999999999, 18.55494",1440,blue
452,Katownia,Katownia,1.0,Gdańsk,54.35049,18.6476,"54.35049, 18.6476",2099,yellow
465,Zacna,Zacna,1.0,Gdańsk,54.35063,18.56318,"54.35063, 18.56318",1527,blue
464,Wołkowyska,Wołkowyska,1.0,Gdańsk,54.35079,18.56989,"54.35079, 18.56989",1373,blue
457,Żuraw,Żuraw,1.0,Gdańsk,54.35085,18.6571,"54.35085, 18.6571",2442,yellow
413,Piekarnicza,Piekarnicza,1.0,Gdańsk,54.35211999999999,18.59188,"54.35211999999999, 18.59188",1266,blue
444,Stokłosy,Stokłosy (N/Ż),1.0,Gdańsk,54.35231,18.47895,"54.35231, 18.47895",2346,yellow
458,Katarzynki,Katarzynki,1.0,Gdańsk,54.35424,18.65375,"54.35424, 18.65375",2365,yellow
495,Kiełpinek,Kiełpinek (N/Ż),1.0,Gdańsk,54.35491999999999,18.52343,"54.35491999999999, 18.52343",1526,blue
401,Kartuska,Kartuska (N/Ż),1.0,Gdańsk,54.35508000000001,18.48997,"54.35508000000001, 18.48997",1695,blue
459,Heweliusza,Heweliusza,1.0,Gdańsk,54.35632,18.65228,"54.35632, 18.65228",2245,yellow
414,Belgradzka,Belgradzka (N/Ż),1.0,Gdańsk,54.35656,18.58719,"54.35656, 18.58719",837,green
474,Lenartowicza,Lenartowicza,1.0,Gdańsk,54.35799,18.68671,"54.35799, 18.68671",3540,red
400,Grzybowa,Grzybowa (N/Ż),1.0,Gdańsk,54.36103000000001,18.46093,"54.36103000000001, 18.46093",4847,black
447,Dębinki,Dębinki,1.0,Gdańsk,54.36322,18.631,"54.36322, 18.631",2193,yellow
418,Karskiego,Karskiego,1.0,Gdańsk,54.3637,18.55617,"54.3637, 18.55617",1234,blue
488,Szpital Zakaźny,Szpital Zakaźny,1.0,Gdańsk,54.3637,18.61618,"54.3637, 18.61618",2094,yellow
489,Centrum Medycyny Inwazyjnej,Centrum Medycyny Inwazyjnej,1.0,Gdańsk,54.36626999999999,18.61955,"54.36626999999999, 18.61955",2100,yellow
484,Zbieżna,Zbieżna (N/Ż),1.0,Gdańsk,54.36695,18.48793,"54.36695, 18.48793",2632,yellow
472,Smoluchowskiego,Smoluchowskiego,1.0,Gdańsk,54.36711,18.62386,"54.36711, 18.62386",2160,yellow
487,Traugutta,Traugutta,1.0,Gdańsk,54.36816,18.62974,"54.36816, 18.62974",2280,yellow
463,Sąsiedzka,Sąsiedzka (N/Ż),1.0,Gdańsk,54.36942,18.50325,"54.36942, 18.50325",1683,blue
486,Centrum Onkologii,Centrum Onkologii (N/Ż),1.0,Gdańsk,54.37013,18.62715,"54.37013, 18.62715",2511,yellow
485,Opera Bałtycka,Opera Bałtycka (N/Ż),1.0,Gdańsk,54.37281,18.62495,"54.37281, 18.62495",2577,yellow
422,"Ogrody Działkowe ""Rębiechowo"" III","Ogrody Działkowe ""Rębiechowo"" III (N/Ż)",1.0,Gdańsk,54.37389,18.46858,"54.37389, 18.46858",4553,black
421,Góralska,Góralska (N/Ż),1.0,Gdańsk,54.37564,18.5641,"54.37564, 18.5641",223,green
491,Cmentarz Srebrzysko,Cmentarz Srebrzysko,1.0,Gdańsk,54.37797,18.58088,"54.37797, 18.58088",720,green
490,Zabytkowa,Zabytkowa,1.0,Gdańsk,54.37978,18.59,"54.37978, 18.59",780,green
477,Kontenerowa,Kontenerowa (N/Ż),1.0,Gdańsk,54.380280000000006,18.69508,"54.380280000000006, 18.69508",4796,black
417,Terminal - Cargo,Terminal - Cargo (N/Ż),1.0,Gdańsk,54.38274000000001,18.47512,"54.38274000000001, 18.47512",1670,blue
449,Reymonta,Reymonta,1.0,Gdańsk,54.38298,18.58507,"54.38298, 18.58507",1316,blue
480,Terminal DCT,Terminal DCT,1.0,Gdańsk,54.38298,18.70617,"54.38298, 18.70617",3882,black
416,Skarżyńskiego,Skarżyńskiego,1.0,Gdańsk,54.38692,18.60111,"54.38692, 18.60111",1320,blue
415,"SDO ""Złota Jesień""","SDO ""Złota Jesień"" (N/Ż)",1.0,Gdańsk,54.38697,18.59879,"54.38697, 18.59879",1432,blue
448,Norblina,Norblina,1.0,Gdańsk,54.38808,18.57149,"54.38808, 18.57149",1075,blue
424,Rozstaje,Rozstaje,1.0,Gdańsk,54.38886,18.60785,"54.38886, 18.60785",1697,blue
450,Bajana,Bajana (N/Ż),1.0,Gdańsk,54.38942,18.60818,"54.38942, 18.60818",1752,blue
441,Abrahama,Abrahama ,1.0,Gdańsk,54.39388,18.58113,"54.39388, 18.58113",1560,blue
430,Hynka,Hynka ,1.0,Gdańsk,54.39673000000001,18.58801,"54.39673000000001, 18.58801",1546,blue
482,Telewizyjna,Telewizyjna (N/Ż),1.0,Gdańsk,54.39813,18.48519,"54.39813, 18.48519",2052,yellow
461,"Hala ""Olivia""","Hala ""Olivia""",1.0,Gdańsk,54.40143000000001,18.57414,"54.40143000000001, 18.57414",1519,blue
440,Przymorze SKM,Przymorze SKM,1.0,Gdańsk,54.40194,18.57844,"54.40194, 18.57844",1754,blue
479,Bora Komorowskiego,Bora Komorowskiego,1.0,Gdańsk,54.40747,18.58886,"54.40747, 18.58886",1906,yellow
419,Beniowskiego,Beniowskiego (N/Ż),1.0,Gdańsk,54.40951999999999,18.57776,"54.40951999999999, 18.57776",2292,yellow
476,Owczarnia,Owczarnia,1.0,Gdańsk,54.41413000000001,18.48023,"54.41413000000001, 18.48023",2463,yellow
436,Saturna,Saturna,1.0,Gdańsk,54.41464000000001,18.4466,"54.41464000000001, 18.4466",2848,red
438,Wodnika,Wodnika (N/Ż),1.0,Gdańsk,54.41615,18.47829,"54.41615, 18.47829",2664,yellow
437,Keplera,Keplera (N/Ż),1.0,Gdańsk,54.41647,18.4678,"54.41647, 18.4678",3143,red
429,Oriona,Oriona (N/Ż),1.0,Gdańsk,54.41745,18.45496,"54.41745, 18.45496",2722,red
427,Gospody,Gospody,1.0,Gdańsk,54.41982,18.58271,"54.41982, 18.58271",2079,yellow
475,Marsa,Marsa,1.0,Gdańsk,54.42012,18.47837,"54.42012, 18.47837",2476,yellow
410,Bursztynowa,Bursztynowa (N/Ż),1.0,Gdańsk,54.42591,18.59288,"54.42591, 18.59288",2398,yellow
555,Dwór Ferberów,Dwór Ferberów (N/Ż),1.0,Gdańsk,54.30573,18.63029,"54.30573, 18.63029",3998,black
552,Pastelowa,Pastelowa,1.0,Gdańsk,54.30842,18.60028,"54.30842, 18.60028",3600,black
505,Osiedle Świętokrzyskie,Osiedle Świętokrzyskie (N/Ż),1.0,Gdańsk,54.31376,18.57109,"54.31376, 18.57109",3420,red
506,Osiedle Świętokrzyskie,Osiedle Świętokrzyskie,1.0,Gdańsk,54.31411,18.56983,"54.31411, 18.56983",3534,red
500,Marynarska,Marynarska (N/Ż),1.0,Gdańsk,54.3155,18.86922,"54.3155, 18.86922",5400,black
507,Elfów,Elfów,1.0,Gdańsk,54.31564,18.56977,"54.31564, 18.56977",3431,red
501,Sobieszewska Pastwa 1,Sobieszewska Pastwa 1 (N/Ż),1.0,Gdańsk,54.3191,18.86565,"54.3191, 18.86565",5370,black
508,Baśniowa,Baśniowa,1.0,Gdańsk,54.319280000000006,18.56434,"54.319280000000006, 18.56434",3000,red
509,Rębowo,Rębowo,1.0,Gdańsk,54.32246,18.55881,"54.32246, 18.55881",2940,red
544,Gościnna,Orunia Gościnna,1.0,Gdańsk,54.32294,18.63215,"54.32294, 18.63215",3611,black
502,Wieniecka,Wieniecka (N/Ż),1.0,Gdańsk,54.32437,18.85465,"54.32437, 18.85465",5292,black
503,Sobieszewko,Sobieszewko (N/Ż),1.0,Gdańsk,54.32853000000001,18.84396,"54.32853000000001, 18.84396",5100,black
514,Jeleniogórska,Jeleniogórska,1.0,Gdańsk,54.32865,18.58257,"54.32865, 18.58257",2704,red
510,Leszczynowa,Leszczynowa,1.0,Gdańsk,54.33093,18.55856,"54.33093, 18.55856",2715,red
511,Lawendowe Wzgórze,Lawendowe Wzgórze,1.0,Gdańsk,54.33164,18.56393,"54.33164, 18.56393",2580,yellow
504,Sobieszewko Ośrodek,Sobieszewko Ośrodek (N/Ż),1.0,Gdańsk,54.33512,18.84007,"54.33512, 18.84007",5669,black
513,Wilanowska,Wilanowska,1.0,Gdańsk,54.33662,18.59828,"54.33662, 18.59828",2160,yellow
549,Chmielna,Chmielna (N/Ż),1.0,Gdańsk,54.34531,18.65676,"54.34531, 18.65676",2760,red
543,Chmielna,Chmielna,1.0,Gdańsk,54.34533,18.65749,"54.34533, 18.65749",2794,red
596,Odrzańska,Odrzańska,1.0,Gdańsk,54.34541,18.62578,"54.34541, 18.62578",2819,red
542,Okopowa,Okopowa,1.0,Gdańsk,54.3475,18.64661,"54.3475, 18.64661",2571,yellow
594,Pohulanka,Pohulanka ,1.0,Gdańsk,54.34869000000001,18.63653,"54.34869000000001, 18.63653",2316,yellow
556,Skrajna,Skrajna,1.0,Gdańsk,54.34907,18.61256,"54.34907, 18.61256",1588,blue
553,Ciasna,Ciasna,1.0,Gdańsk,54.34918,18.62457,"54.34918, 18.62457",1680,blue
551,Paska,Paska,1.0,Gdańsk,54.35008000000001,18.63006,"54.35008000000001, 18.63006",1755,blue
550,Powstańców Warszawskich,Powstańców Warszawskich,1.0,Gdańsk,54.35115,18.63639,"54.35115, 18.63639",1707,blue
546,Nowe Ogrody,Nowe Ogrody,1.0,Gdańsk,54.35204,18.64215,"54.35204, 18.64215",1804,yellow
569,Górecka,Górecka (N/Ż),1.0,Gdańsk,54.35534000000001,18.74535,"54.35534000000001, 18.74535",4192,black
548,Dworzec PKS,Dworzec PKS,1.0,Gdańsk,54.35677,18.64344,"54.35677, 18.64344",2241,yellow
532,Plac Solidarności,Plac Solidarności,1.0,Gdańsk,54.36061,18.64771,"54.36061, 18.64771",2128,yellow
545,Zimna,Zimna,1.0,Gdańsk,54.36135,18.70749,"54.36135, 18.70749",3865,black
519,Brama Oliwska,Brama Oliwska,1.0,Gdańsk,54.36207,18.64164,"54.36207, 18.64164",2340,yellow
520,Chodowieckiego,Chodowieckiego,1.0,Gdańsk,54.36404,18.63837,"54.36404, 18.63837",2400,yellow
533,Stocznia SKM,Stocznia SKM,1.0,Gdańsk,54.36421,18.64324,"54.36421, 18.64324",1709,blue
534,Stocznia Północna,Stocznia Północna,1.0,Gdańsk,54.37192,18.63385,"54.37192, 18.63385",3120,red
560,Leśna Góra - Przychodnia,Leśna Góra - Przychodnia,1.0,Gdańsk,54.37338,18.56386,"54.37338, 18.56386",730,green
558,Leśna Góra,Leśna Góra,1.0,Gdańsk,54.37373,18.55864,"54.37373, 18.55864",790,green
521,Politechnika,Politechnika,1.0,Gdańsk,54.37398,18.62142,"54.37398, 18.62142",1740,blue
535,Twarda,Twarda,1.0,Gdańsk,54.37445,18.63121,"54.37445, 18.63121",1722,blue
522,Miszewskiego,Miszewskiego,1.0,Gdańsk,54.37577,18.61514,"54.37577, 18.61514",1680,blue
536,Wyspiańskiego,Wyspiańskiego,1.0,Gdańsk,54.3766,18.62351,"54.3766, 18.62351",1761,blue
557,Węzeł Kliniczna,Węzeł Kliniczna,1.0,Gdańsk,54.3766,18.63074,"54.3766, 18.63074",3240,red
537,Reja,Reja,1.0,Gdańsk,54.37901,18.62256,"54.37901, 18.62256",2280,yellow
559,Swojska,Swojska,1.0,Gdańsk,54.37957,18.63448,"54.37957, 18.63448",3300,red
523,Klonowa,Klonowa,1.0,Gdańsk,54.37985,18.60306,"54.37985, 18.60306",1446,blue
561,Żaglowa - AmberExpo,Żaglowa - Amber Expo,1.0,Gdańsk,54.38241,18.63856,"54.38241, 18.63856",3420,red
538,Plac Komorowskiego,Plac Komorowskiego,1.0,Gdańsk,54.38366,18.61453,"54.38366, 18.61453",1942,yellow
518,Żaglowa - AmberExpo,Żaglowa - AmberExpo (N/Ż) ,1.0,Gdańsk,54.38404,18.64132,"54.38404, 18.64132",3613,black
517,Żaglowa - AmberExpo,Żaglowa - AmberExpo (N/Ż),1.0,Gdańsk,54.3841,18.64073,"54.3841, 18.64073",3624,black
563,Mostostal,Mostostal,1.0,Gdańsk,54.38577,18.64501,"54.38577, 18.64501",3480,red
562,Mjr Hubala,Majora Hubala,1.0,Gdańsk,54.38738000000001,18.57739,"54.38738000000001, 18.57739",1196,blue
516,AmberExpo,AmberExpo,1.0,Gdańsk,54.3874,18.63584,"54.3874, 18.63584",3081,red
524,Zajezdnia,Zajezdnia,1.0,Gdańsk,54.38843000000001,18.58156,"54.38843000000001, 18.58156",1221,blue
539,Bajana,Bajana,1.0,Gdańsk,54.39,18.60821,"54.39, 18.60821",1962,yellow
564,Meczet,Meczet,1.0,Gdańsk,54.39062,18.57251,"54.39062, 18.57251",1334,blue
512,Twierdza Wisłoujście,Twierdza Wisłoujście (N/Ż),1.0,Gdańsk,54.39143000000001,18.6797,"54.39143000000001, 18.6797",4380,black
566,Śnieżna,Śnieżna,1.0,Gdańsk,54.39195,18.65729,"54.39195, 18.65729",3660,black
515,Węzeł Harfa,Węzeł Harfa (N/Ż),1.0,Gdańsk,54.392,18.63875,"54.392, 18.63875",3443,red
540,Żwirki i Wigury,Żwirki i Wigury,1.0,Gdańsk,54.3921,18.60579,"54.3921, 18.60579",2023,yellow
568,Kolonia Uroda,Kolonia Uroda,1.0,Gdańsk,54.3923,18.6223,"54.3923, 18.6223",2580,yellow
565,Szpital Marynarki Wojennej,Szpital Marynarki Wojennej,1.0,Gdańsk,54.39383,18.56752,"54.39383, 18.56752",1525,blue
541,Jana Pawła II,Jana Pawła II,1.0,Gdańsk,54.39464,18.60158,"54.39464, 18.60158",2174,yellow
567,Jasia i Małgosi,Jasia i Małgosi,1.0,Gdańsk,54.39788000000001,18.56401,"54.39788000000001, 18.56401",1909,yellow
584,Na Zaspę,Na Zaspę,1.0,Gdańsk,54.40176999999999,18.66475,"54.40176999999999, 18.66475",3480,red
587,Przychodnia,Przychodnia,1.0,Gdańsk,54.40224,18.66967,"54.40224, 18.66967",4211,black
570,Gdańska,Gdańska,1.0,Gdańsk,54.40249,18.63108,"54.40249, 18.63108",2940,red
525,Tetmajera,Tetmajera,1.0,Gdańsk,54.40265,18.56561,"54.40265, 18.56561",1594,blue
585,Rybołowców,Rybołowców,1.0,Gdańsk,54.40271,18.6655,"54.40271, 18.6655",3585,red
583,Kasztanowa,Kasztanowa,1.0,Gdańsk,54.40396,18.66133,"54.40396, 18.66133",3420,red
572,Sternicza,Sternicza,1.0,Gdańsk,54.40464,18.63451,"54.40464, 18.63451",2874,red
582,Latarnia Morska,Latarnia Morska,1.0,Gdańsk,54.40467,18.65579,"54.40467, 18.65579",3360,red
526,Derdowskiego,Derdowskiego,1.0,Gdańsk,54.40513000000001,18.56388,"54.40513000000001, 18.56388",1654,blue
580,Krasickiego,Krasickiego,1.0,Gdańsk,54.406180000000006,18.64421,"54.406180000000006, 18.64421",3240,red
527,Obrońców Westerplatte,Obrońców Westerplatte,1.0,Gdańsk,54.40836,18.56297,"54.40836, 18.56297",1714,blue
577,Mazurska,Mazurska,1.0,Gdańsk,54.40851,18.63222,"54.40851, 18.63222",3174,red
575,Wczasy,Wczasy,1.0,Gdańsk,54.40913000000001,18.62827,"54.40913000000001, 18.62827",3025,red
554,Meteorytowa,Meteorytowa (N/Ż),1.0,Gdańsk,54.41136,18.48476,"54.41136, 18.48476",2235,yellow
547,Osiedle Barniewice,Osiedle Barniewice,1.0,Gdańsk,54.41226999999999,18.45146,"54.41226999999999, 18.45146",3161,red
528,Opacka,Opacka,1.0,Gdańsk,54.413880000000006,18.56568,"54.413880000000006, 18.56568",1892,yellow
529,Subisława,Subisława,1.0,Gdańsk,54.41673,18.57344,"54.41673, 18.57344",2215,yellow
530,Osiedle Wejhera,Osiedle Wejhera,1.0,Gdańsk,54.42037,18.58446,"54.42037, 18.58446",2029,yellow
531,Helska,Helska,1.0,Gdańsk,54.42154,18.58808,"54.42154, 18.58808",2123,yellow
581,Kasztanowa,Sopot Kasztanowa,2.0,Sopot,54.42479,18.56368,"54.42479, 18.56368",1939,yellow
579,Smolna,Sopot Smolna (N/Ż),2.0,Sopot,54.42833,18.5623,"54.42833, 18.5623",2129,yellow
586,"Hotel ""Marina""","Sopot Hotel ""Marina""",2.0,Sopot,54.42958,18.58788,"54.42958, 18.58788",2796,red
588,Hestii,Sopot Hestii,2.0,Sopot,54.43195,18.58347,"54.43195, 18.58347",3267,red
578,3 Maja,Sopot 3 Maja,2.0,Sopot,54.43381,18.56153,"54.43381, 18.56153",2325,yellow
589,Polna,Sopot Polna,2.0,Sopot,54.43411999999999,18.57981,"54.43411999999999, 18.57981",3005,red
591,Władysława IV,Sopot Władysława IV,2.0,Sopot,54.43599,18.56746,"54.43599, 18.56746",2299,yellow
599,Wybickiego,Sopot Wybickiego,2.0,Sopot,54.43735,18.55738,"54.43735, 18.55738",2602,yellow
593,Bitwy pod Płowcami,Sopot Bitwy pod Płowcami,2.0,Sopot,54.43773,18.57394,"54.43773, 18.57394",2587,yellow
590,Bitwy pod Płowcami,Sopot Bitwy Pod Płowcami,2.0,Sopot,54.43832,18.57258,"54.43832, 18.57258",2528,yellow
576,Sikorskiego,Sopot Sikorskiego,2.0,Sopot,54.44159000000001,18.55822,"54.44159000000001, 18.55822",2834,red
574,Uniwersytet Gdański,Sopot Uniwersytet Gdański,2.0,Sopot,54.44434,18.55613,"54.44434, 18.55613",3130,red
573,Okrężna,Sopot Okrężna (N/Ż),2.0,Sopot,54.4466,18.55259,"54.4466, 18.55259",3308,red
571,Przylesie,Sopot Przylesie,2.0,Sopot,54.44781,18.54059,"54.44781, 18.54059",4200,black
592,"Sanatorium ""Leśnik""","Sopot Sanatorium ""Leśnik""",2.0,Sopot,54.44926,18.52722,"54.44926, 18.52722",4380,black
598,Malczewskiego,Sopot Malczewskiego,2.0,Sopot,54.44946,18.55535,"54.44946, 18.55535",3036,red
597,Wejherowska,Sopot Wejherowska,2.0,Sopot,54.45307,18.55517,"54.45307, 18.55517",3554,red
595,Kamienny Potok SKM,Sopot Kamienny Potok SKM,2.0,Sopot,54.45847,18.55454,"54.45847, 18.55454",3079,red
622,Jagiełły,Jagiełły (N/Ż),1.0,Gdańsk,54.30465,18.61203,"54.30465, 18.61203",3780,black
631,Topazowa,Topazowa (N/Ż),1.0,Gdańsk,54.30982,18.60061,"54.30982, 18.60061",3540,red
632,Kolorowa,Kolorowa,1.0,Gdańsk,54.31174,18.60244,"54.31174, 18.60244",3480,red
639,Stężycka,Stężycka,1.0,Gdańsk,54.33391999999999,18.54175,"54.33391999999999, 18.54175",3960,black
606,Cebertowicza,Cebertowicza ,1.0,Gdańsk,54.33844000000001,18.60505,"54.33844000000001, 18.60505",2406,yellow
645,,Sikorskiego (N/Ż),,Gdańsk,54.33886,18.61888,"54.33886, 18.61888",2476,yellow
611,Dolne Miasto,Dolne Miasto,1.0,Gdańsk,54.34316999999999,18.66148,"54.34316999999999, 18.66148",3095,red
637,Rzeźnicka,Rzeźnicka,1.0,Gdańsk,54.34389,18.64702,"54.34389, 18.64702",2880,red
646,,Otomińska (N/Ż),,Gdańsk,54.34412,18.51058,"54.34412, 18.51058",3598,red
624,Węzeł Groddecka,Węzeł Groddecka,1.0,Gdańsk,54.34846999999999,18.64223,"54.34846999999999, 18.64223",2020,yellow
612,Jasieńska,Jasieńska,1.0,Gdańsk,54.34946,18.55247,"54.34946, 18.55247",1574,blue
643,Królewskie Wzgórze,Królewskie Wzgórze (N/Ż),1.0,Gdańsk,54.35048000000001,18.57357,"54.35048000000001, 18.57357",1200,blue
630,Kokoszki,Kokoszki (N/Ż),1.0,Gdańsk,54.35307,18.49639,"54.35307, 18.49639",3600,black
613,Jasień PKM,Jasień PKM,1.0,Gdańsk,54.35321999999999,18.55003,"54.35321999999999, 18.55003",951,blue
627,Leźnieńska,Leźnieńska (N/Ż),1.0,Gdańsk,54.353530000000006,18.46949,"54.353530000000006, 18.46949",2787,red
616,Kiełpinek PKM,Kiełpinek PKM,1.0,Gdańsk,54.35533,18.52804,"54.35533, 18.52804",1141,blue
614,Belgradzka,Belgradzka,1.0,Gdańsk,54.35576,18.58833,"54.35576, 18.58833",1140,blue
609,Focha,Focha (N/Ż),1.0,Gdańsk,54.35868000000001,18.62449,"54.35868000000001, 18.62449",1380,blue
633,Tamka,Tamka,1.0,Gdańsk,54.3592,18.70602,"54.3592, 18.70602",4178,black
618,Cmentarz Garnizonowy,Cmentarz Garnizonowy (N/Ż),1.0,Gdańsk,54.35927,18.64008,"54.35927, 18.64008",2084,yellow
634,Pawia,Pawia,1.0,Gdańsk,54.3597,18.71631,"54.3597, 18.71631",3673,black
641,Zimna,Stogi Zimna,1.0,Gdańsk,54.36109,18.70779,"54.36109, 18.70779",3840,black
623,Jana z Kolna,Jana z Kolna (dla wysiadających),1.0,Gdańsk,54.36166,18.64554,"54.36166, 18.64554",2283,yellow
635,Kłosowa,Kłosowa,1.0,Gdańsk,54.36166,18.71948,"54.36166, 18.71948",3690,black
619,Andruszkiewicza,Andruszkiewicza (N/Ż),1.0,Gdańsk,54.36214,18.69022,"54.36214, 18.69022",2940,red
636,Stogi Skiby,Skiby,1.0,Gdańsk,54.3629,18.70945,"54.3629, 18.70945",3240,red
642,Kaczeńce,Kaczeńce,1.0,Gdańsk,54.36318000000001,18.69901,"54.36318000000001, 18.69901",3120,red
638,Ugory,Ugory (N/Ż),1.0,Gdańsk,54.36363000000001,18.70791,"54.36363000000001, 18.70791",3367,red
620,Andruszkiewicza,Andruszkiewicza,1.0,Gdańsk,54.36655,18.69293,"54.36655, 18.69293",4011,black
617,Matarnia PKM,Matarnia PKM,1.0,Gdańsk,54.37324,18.50588,"54.37324, 18.50588",1373,blue
647,,Nabrzeże Przemysłowe,,Gdańsk,54.37428000000001,18.66562,"54.37428000000001, 18.66562",3779,black
621,Ku Ujściu,Ku Ujściu,1.0,Gdańsk,54.37908,18.67721,"54.37908, 18.67721",2835,red
629,Nad Stawem,Nad Stawem,1.0,Gdańsk,54.38344,18.6065,"54.38344, 18.6065",1532,blue
640,Zajezdnia WRZESZCZ,Zajezdnia Wrzeszcz (techniczny),1.0,Gdańsk,54.38994,18.57899,"54.38994, 18.57899",1248,blue
615,Biblioteka Główna UG,Biblioteka Główna UG,1.0,Gdańsk,54.39731,18.57719,"54.39731, 18.57719",1601,blue
625,Żabianka SKM,Żabianka SKM (techniczny),1.0,Gdańsk,54.42279,18.56966,"54.42279, 18.56966",2204,yellow
626,Jelitkowo,Jelitkowo (techniczny),1.0,Gdańsk,54.42369,18.59422,"54.42369, 18.59422",2110,yellow
628,Hospicjum,Sopot Hospicjum (N/Ż),2.0,Sopot,54.42562,18.56292,"54.42562, 18.56292",2179,yellow
600,Kochanowskiego,Sopot Kochanowskiego,2.0,Sopot,54.4342,18.55896,"54.4342, 18.55896",2436,yellow
607,Grunwaldzka,Sopot Grunwaldzka,2.0,Sopot,54.4392,18.57379,"54.4392, 18.57379",2419,yellow
610,Sopot PKP - Marynarzy,Sopot PKP Marynarzy,2.0,Sopot,54.43929,18.56424,"54.43929, 18.56424",2753,red
605,Chopina,Sopot Chopina,2.0,Sopot,54.44217,18.57124,"54.44217, 18.57124",2539,yellow
604,Grand Hotel,Sopot Grand Hotel,2.0,Sopot,54.44644,18.56782,"54.44644, 18.56782",2659,yellow
608,23 Marca,Sopot 23 Marca,2.0,Sopot,54.44816,18.54375,"54.44816, 18.54375",3604,black
603,Korty Tenisowe,Sopot Korty Tenisowe (N/Ż),2.0,Sopot,54.4502,18.564870000000006,"54.4502, 18.564870000000006",2719,red
648,,Malczewskiego,,Sopot,54.45035,18.55304,"54.45035, 18.55304",2899,red
602,Plac Kusocińskiego,Sopot Plac Kusocińskiego (N/Ż),2.0,Sopot,54.4528,18.56311,"54.4528, 18.56311",2779,red
649,,Wejherowska,,Sopot,54.45304,18.55528,"54.45304, 18.55528",3556,red
601,Młyńska,Sopot Młyńska (N/Ż),2.0,Sopot,54.45471,18.55985,"54.45471, 18.55985",2839,red
650,,Junaków,,Sopot,54.45551,18.54743,"54.45551, 18.54743",3644,black
651,,Łużycka,,Sopot,54.45555,18.5513,"54.45555, 18.5513",3467,red
652,,Małopolska,,Sopot,54.45562,18.54343,"54.45562, 18.54343",3772,black
653,,Kolberga,,Sopot,54.45715,18.53792,"54.45715, 18.53792",3532,red
654,,Brodwino,,Sopot,54.45768,18.5344,"54.45768, 18.5344",3363,red
655,,Kamienny Potok - Kujawska,,Sopot,54.45847,18.54771,"54.45847, 18.54771",3695,black
656,,Kamienny Potok SKM,,Sopot,54.45849000000001,18.5546,"54.45849000000001, 18.5546",3079,red
657,,Bernadowska,,Gdynia,54.46321,18.55384,"54.46321, 18.55384",3471,red
658,,Wielki Kack Starodworcowa,,Gdynia,54.46461,18.49647,"54.46461, 18.49647",3520,red
659,,Gryfa Pomorskiego,,Gdynia,54.46764,18.48725,"54.46764, 18.48725",4193,black
660,,Karwiny PKM,,Gdynia,54.46929,18.50569,"54.46929, 18.50569",2812,red
661,,Nałkowskiej,,Gdynia,54.46986999999999,18.49894,"54.46986999999999, 18.49894",3559,red
662,,Lipowa,,Gdynia,54.47009,18.49062,"54.47009, 18.49062",3870,black
663,,Źródło Marii,,Gdynia,54.47065,18.494770000000006,"54.47065, 18.494770000000006",3619,black
664,,Myśliwska,,Gdynia,54.47124,18.48851,"54.47124, 18.48851",3679,black
665,,Wiczlińska,,Gdynia,54.47187,18.47883,"54.47187, 18.47883",4084,black
666,,Racławicka,,Gdynia,54.47224,18.51306,"54.47224, 18.51306",2905,red
667,,Karwiny Tesco,,Gdynia,54.47308,18.4776,"54.47308, 18.4776",3799,black
668,,Kolibki,,Gdynia,54.47319,18.55383,"54.47319, 18.55383",3962,black
644,Karwiny Tesco,Gdynia Karwiny Tesco,5.0,Gdynia,54.47335,18.47687,"54.47335, 18.47687",3849,black
669,,Brzechwy,,Gdynia,54.47374,18.48952,"54.47374, 18.48952",4010,black
670,,Karwiny Tuwima,,Gdynia,54.47381,18.48456,"54.47381, 18.48456",4184,black
671,,Lidzka,,Gdynia,54.47558000000001,18.51608,"54.47558000000001, 18.51608",3220,red
672,,"Orłowo SKM - ""Klif""",,Gdynia,54.47592,18.55314,"54.47592, 18.55314",3066,red
673,,Olgierda,,Gdynia,54.47839000000001,18.52366,"54.47839000000001, 18.52366",4399,black
674,,Orłowo SKM - Orłowska,,Gdynia,54.47867,18.55273,"54.47867, 18.55273",3196,red
675,,Łowicka,,Gdynia,54.48121999999999,18.53104,"54.48121999999999, 18.53104",4339,black
676,,Nawigatorów,,Gdynia,54.4825,18.54961,"54.4825, 18.54961",3436,red
677,,Plac Górnośląski,,Gdynia,54.48353,18.53857,"54.48353, 18.53857",3420,red
678,,Zwycięstwa - Wielkopolska,,Gdynia,54.48441999999999,18.54638,"54.48441999999999, 18.54638",4305,black
679,,Redłowo SKM,,Gdynia,54.49125,18.53718,"54.49125, 18.53718",3148,red
680,,Kwidzyńska II,,Gdynia,54.51088000000001,18.528,"54.51088000000001, 18.528",3803,black
681,,Kwidzyńska I,,Gdynia,54.51189,18.525,"54.51189, 18.525",4013,black
682,,Witomińska,,Gdynia,54.51253000000001,18.53218,"54.51253000000001, 18.53218",3603,black
683,,Tatrzańska - Olsztyńska,,Gdynia,54.51297,18.52466,"54.51297, 18.52466",3858,black
684,,Nowogrodzka,,Gdynia,54.51368000000001,18.52423,"54.51368000000001, 18.52423",3807,black
685,,Liceum Jezuitów,,Gdynia,54.51568,18.52465,"54.51568, 18.52465",3587,red
686,,Warszawska,,Gdynia,54.51691,18.53049,"54.51691, 18.53049",3158,red
687,,Działki Leśne - Sztumska,,Gdynia,54.51706,18.51698,"54.51706, 18.51698",3816,black
688,,Szczecińska ,,Gdynia,54.51823,18.52119,"54.51823, 18.52119",3592,red
689,,Wolności - II LO,,Gdynia,54.51875,18.51924,"54.51875, 18.51924",3556,red
690,,Gdynia Dworzec Gł. PKP - Wolności,,Gdynia,54.51982,18.52781,"54.51982, 18.52781",3037,red
691,,Demptowo - Jednostka Wojskowa,,Gdynia,54.52058,18.44934,"54.52058, 18.44934",5784,black
692,,Urząd Pracy,,Gdynia,54.52134,18.52384,"54.52134, 18.52384",3186,red
693,,Plac Neptuna,,Gdynia,54.5227,18.51728,"54.5227, 18.51728",3593,red
694,,Kołłątaja,,Gdynia,54.52276,18.51983,"54.52276, 18.51983",3398,red
695,,Bpa Okoniewskiego,,Gdynia,54.52322,18.52173,"54.52322, 18.52173",3154,red
696,,Beniowskiego - Akademiki,,Gdynia,54.52375,18.51285,"54.52375, 18.51285",3844,black
697,,Grabowo,,Gdynia,54.52403,18.50822,"54.52403, 18.50822",3693,black
698,,Stocznia SKM - Morska,,Gdynia,54.52479,18.5174,"54.52479, 18.5174",3214,red
699,,Demptowo,,Gdynia,54.52535,18.46314,"54.52535, 18.46314",4894,black
745,,Przytulna (N/Ż),,Gdańsk,54.34771,18.53582,"54.34771, 18.53582",1906,yellow
746,,Uniwersyteckie Centrum Kliniczne,,Gdańsk,54.36664,18.62674,"54.36664, 18.62674",2317,yellow
747,,Złota Karczma,,Gdańsk,54.37475,18.52185,"54.37475, 18.52185",1386,blue
748,,Sopot Reja,,Sopot,54.43139,18.56199,"54.43139, 18.56199",2119,yellow
749,,Architektów,,Sopot,54.43256,18.57361,"54.43256, 18.57361",2801,red
750,,Rynek Non-Stop,,Sopot,54.43268000000001,18.56711,"54.43268000000001, 18.56711",2646,yellow
751,,Mierosławskiego,,Sopot,54.43332,18.57127,"54.43332, 18.57127",2628,yellow
752,,3 Maja ,,Sopot,54.4337,18.56152,"54.4337, 18.56152",2316,yellow
753,,Polna,,Sopot,54.43436,18.57781,"54.43436, 18.57781",2966,red
754,,Kochanowskiego,,Sopot,54.4347,18.55992,"54.4347, 18.55992",2342,yellow
755,,Jana z Kolna,,Sopot,54.43473,18.5698,"54.43473, 18.5698",2490,yellow
756,,Wybickiego  ,,Sopot,54.43725,18.55753,"54.43725, 18.55753",2593,yellow
757,,Bitwy pod Płowcami,,Sopot,54.43779,18.57383,"54.43779, 18.57383",2581,yellow
758,,Sopot PKP - Niepodległości,,Sopot,54.43856,18.56061,"54.43856, 18.56061",2554,yellow
759,,Sopot PKP - Marynarzy,,Sopot,54.43906,18.5643,"54.43906, 18.5643",2736,red
760,,Osiedle Mickiewicza,,Sopot,54.43914,18.54784,"54.43914, 18.54784",3249,red
761,,Sobieskiego - Przychodnia,,Sopot,54.43926,18.56749,"54.43926, 18.56749",2674,yellow
762,,Grunwaldzka,,Sopot,54.43926999999999,18.57369,"54.43926999999999, 18.57369",2419,yellow
763,,Żeromskiego,,Sopot,54.44051,18.55124,"54.44051, 18.55124",3185,red
764,,Sopot PKP,,Sopot,54.44156,18.56355,"54.44156, 18.56355",3033,red
765,,Sikorskiego ,,Sopot,54.44159000000001,18.55875,"54.44159000000001, 18.55875",2807,red
766,,Chopina ,,Sopot,54.4422,18.57121,"54.4422, 18.57121",2539,yellow
767,,Bohaterów Monte Cassino,,Sopot,54.44302,18.55967,"54.44302, 18.55967",3058,red
768,,Uniwersytet Gdański,,Sopot,54.44433000000001,18.55612,"54.44433000000001, 18.55612",3129,red
769,,Grand Hotel,,Sopot,54.4465,18.56781,"54.4465, 18.56781",2659,yellow
770,,Goyki,,Sopot,54.44709,18.55912,"54.44709, 18.55912",2779,red
771,,Dolny Sopot - Haffnera,,Sopot,54.44959,18.56261,"54.44959, 18.56261",2975,red
772,,Korty Tenisowe,,Sopot,54.45027,18.56479,"54.45027, 18.56479",2719,red
773,,Cmentarz,,Sopot,54.45098,18.54826,"54.45098, 18.54826",2959,red
774,,Schronisko Sopotkowo,,Sopot,54.45283000000001,18.54097,"54.45283000000001, 18.54097",3068,red
775,,Sienkiewicza ,,Sopot,54.45399999999999,18.548820000000006,"54.45399999999999, 18.548820000000006",3343,red
776,,Kraszewskiego,,Sopot,54.45466999999999,18.55425,"54.45466999999999, 18.55425",3534,red
777,,Brodwino - Szkoła,,Sopot,54.45608000000001,18.53129,"54.45608000000001, 18.53129",3139,red
778,,Mazowiecka,,Sopot,54.45881,18.55046,"54.45881, 18.55046",3536,red
779,,Dąbrowa Centrum,,Gdynia,54.47456,18.464170000000006,"54.47456, 18.464170000000006",4128,black
780,,Anyżowa,,Gdynia,54.47464,18.46855,"54.47464, 18.46855",3977,black
781,,Wiczlińska - Las,,Gdynia,54.47818,18.45124,"54.47818, 18.45124",4459,black
782,,Wiczlino Działki II,,Gdynia,54.48112,18.44249,"54.48112, 18.44249",4568,black
783,,Wiczlino Działki I,,Gdynia,54.48177,18.43732,"54.48177, 18.43732",4721,black
784,,Wiczlińska - Śliska,,Gdynia,54.48335,18.43728,"54.48335, 18.43728",4579,black
785,,Gradowa,,Gdynia,54.48605,18.4326,"54.48605, 18.4326",4639,black
786,,Mały Kack Sandomierska,,Gdynia,54.4867,18.5283,"54.4867, 18.5283",3734,black
787,,Wiczlino Skrzyżowanie,,Gdynia,54.49066,18.42398,"54.49066, 18.42398",4829,black
788,,Halicka,,Gdynia,54.49119,18.53357,"54.49119, 18.53357",3264,red
789,,Witomino Leśniczówka,,Gdynia,54.49136,18.51219,"54.49136, 18.51219",4049,black
790,,Potok Wiczliński,,Gdynia,54.49424000000001,18.419970000000006,"54.49424000000001, 18.419970000000006",5182,black
791,,Zaruskiego,,Gdynia,54.49441,18.43015,"54.49441, 18.43015",4819,black
792,,Stawna,,Gdynia,54.49466999999999,18.50796,"54.49466999999999, 18.50796",4005,black
793,,Witomino Polna,,Gdynia,54.49501,18.51486,"54.49501, 18.51486",4267,black
794,,Długa,,Gdynia,54.49621,18.51191,"54.49621, 18.51191",4097,black
795,,Kamrowskiego,,Gdynia,54.49711,18.43088,"54.49711, 18.43088",4879,black
796,,Chwarzno Sokółka,,Gdynia,54.49764,18.43835,"54.49764, 18.43835",5044,black
797,,Witomino Centrum,,Gdynia,54.49774,18.50927,"54.49774, 18.50927",3874,black
798,,Kmicica,,Gdynia,54.49777,18.41684,"54.49777, 18.41684",5525,black
799,,Witomino Sosnowa,,Gdynia,54.49838,18.49462,"54.49838, 18.49462",4604,black
700,,Technikum Chłodnicze,,Gdynia,54.52714,18.49001,"54.52714, 18.49001",4198,black
701,,Sambora,,Gdynia,54.52756,18.49584,"54.52756, 18.49584",3990,black
702,,Leszczynki II,,Gdynia,54.52777,18.48126,"54.52777, 18.48126",4756,black
703,,Stoigniewa,,Gdynia,54.52779,18.4849,"54.52779, 18.4849",4514,black
704,,Dembińskiego,,Gdynia,54.5278,18.49407,"54.5278, 18.49407",3940,black
705,,Uniwersytet Morski,,Gdynia,54.52786,18.50898,"54.52786, 18.50898",3274,red
706,,Krofeya,,Gdynia,54.52821,18.49698,"54.52821, 18.49698",3890,black
707,,Kalksztajnów - Bloki,,Gdynia,54.52868,18.49238,"54.52868, 18.49238",3991,black
708,,Komandorska - Hotel,,Gdynia,54.52952,18.49661,"54.52952, 18.49661",3721,black
709,,Rybińskiego,,Gdynia,54.52953,18.45819,"54.52953, 18.45819",4774,black
710,,Mireckiego,,Gdynia,54.52959,18.50268,"54.52959, 18.50268",3334,red
711,,Bażyńskiego,,Gdynia,54.52973000000001,18.48874,"54.52973000000001, 18.48874",4256,black
712,,Leszczynki I,,Gdynia,54.5298,18.48373,"54.5298, 18.48373",4450,black
713,,Kordeckiego,,Gdynia,54.53098000000001,18.48614,"54.53098000000001, 18.48614",4281,black
714,,Ściegiennego,,Gdynia,54.53106,18.48263,"54.53106, 18.48263",4437,black
715,,Kalksztajnów,,Gdynia,54.53156,18.49503,"54.53156, 18.49503",3394,red
716,,Chabrowa,,Gdynia,54.53236999999999,18.45573,"54.53236999999999, 18.45573",4675,black
717,,Morska - Estakada,,Gdynia,54.5333,18.48953,"54.5333, 18.48953",3514,red
718,,Bławatna,,Gdynia,54.53338000000001,18.44831,"54.53338000000001, 18.44831",4451,black
719,,Jaskółcza,,Gdynia,54.53389,18.45328,"54.53389, 18.45328",4388,black
720,,Grabówek SKM,,Gdynia,54.53412,18.49444,"54.53412, 18.49444",3624,black
721,,Wiklinowa,,Gdynia,54.53471999999999,18.44413,"54.53471999999999, 18.44413",4474,black
722,,Węzeł Żołnierzy Wyklętych,,Gdynia,54.53483000000001,18.48226,"54.53483000000001, 18.48226",3754,black
723,,Rozewska,,Gdynia,54.53752,18.4702,"54.53752, 18.4702",4033,black
724,,Zamenhofa,,Gdynia,54.53773,18.47856,"54.53773, 18.47856",4065,black
725,,Żurawia,,Gdynia,54.5379,18.4392,"54.5379, 18.4392",4534,black
726,,Raduńska,,Gdynia,54.53791999999999,18.45824,"54.53791999999999, 18.45824",4294,black
727,,Hipermarket Tesco / OBI,,Gdynia,54.53885,18.45352,"54.53885, 18.45352",4711,black
728,,Wiejska,,Gdynia,54.53891,18.47058,"54.53891, 18.47058",3874,black
729,,Pustki Cisowskie,,Gdynia,54.53902,18.43474,"54.53902, 18.43474",4594,black
730,,Leszczynki SKM,,Gdynia,54.54111,18.47649,"54.54111, 18.47649",3840,black
731,,Chylonia Centrum,,Gdynia,54.54213000000001,18.46002,"54.54213000000001, 18.46002",4054,black
732,,Pucka,,Gdynia,54.543380000000006,18.46778,"54.543380000000006, 18.46778",4207,black
733,,Hipermarket Tesco - Morska,,Gdynia,54.54437,18.45107,"54.54437, 18.45107",4114,black
734,,Chylonia Dworzec PKP,,Gdynia,54.54451,18.46311,"54.54451, 18.46311",3975,black
735,,Zbożowa,,Gdynia,54.5453,18.44698,"54.5453, 18.44698",4174,black
736,,Chylonia Krzywoustego ,,Gdynia,54.54591,18.4689,"54.54591, 18.4689",4359,black
737,,Owsiana,,Gdynia,54.54661,18.44049,"54.54661, 18.44049",4460,black
738,,Kcyńska,,Gdynia,54.54701,18.45349,"54.54701, 18.45349",4399,black
739,,Jęczmienna,,Gdynia,54.54743000000001,18.44199,"54.54743000000001, 18.44199",4314,black
740,,II Urząd Skarbowy,,Gdynia,54.54776,18.47158,"54.54776, 18.47158",4250,black
741,,Piaskowa,,Gdynia,54.54823,18.44857,"54.54823, 18.44857",4280,black
742,,Cisowa Sibeliusa,,Gdynia,54.54909,18.43182,"54.54909, 18.43182",4764,black
743,,Cisowa SKM,,Gdynia,54.54991,18.4442,"54.54991, 18.4442",4065,black
744,,Elektrowozownia SKM,,Gdynia,54.55209,18.42195,"54.55209, 18.42195",5033,black
898,,Rozłogi,,Gdańsk,54.36324000000001,18.71488,"54.36324000000001, 18.71488",3300,red
843,,Sosnowiecka,,Gdynia,54.48495,18.53509,"54.48495, 18.53509",3852,black
844,,Kurpiowska,,Gdynia,54.48528,18.53183,"54.48528, 18.53183",3827,black
899,,Redłowo Szpital,,Gdynia,54.48968000000001,18.55499,"54.48968000000001, 18.55499",3720,black
845,,Płyta Redłowska,,Gdynia,54.49183000000001,18.55236,"54.49183000000001, 18.55236",4031,black
846,,Redłowo SKM - Park Technologiczny,,Gdynia,54.49206,18.54068,"54.49206, 18.54068",3115,red
847,,Korczaka,,Gdynia,54.49635,18.54464,"54.49635, 18.54464",3719,black
848,,Centrum Nauki Experyment,,Gdynia,54.49756,18.53824,"54.49756, 18.53824",3367,red
800,,Uczniowska,,Gdynia,54.49851999999999,18.50224,"54.49851999999999, 18.50224",4315,black
849,,Gdynia Arena,,Gdynia,54.49872,18.53242,"54.49872, 18.53242",3172,red
801,,Sokoła,,Gdynia,54.49883000000001,18.44113,"54.49883000000001, 18.44113",5119,black
802,,Gierdziejewskiego,,Gdynia,54.49913000000001,18.43384,"54.49913000000001, 18.43384",4939,black
803,,Amona,,Gdynia,54.49981,18.44706,"54.49981, 18.44706",5179,black
804,,Okrężna I,,Gdynia,54.49986,18.47069,"54.49986, 18.47069",4714,black
805,,Okrężna II,,Gdynia,54.5002,18.4668,"54.5002, 18.4668",5419,black
806,,Chwarzno Apollina,,Gdynia,54.50026999999999,18.45769,"54.50026999999999, 18.45769",5382,black
807,,Tezeusza,,Gdynia,54.50029,18.44966,"54.50029, 18.44966",5179,black
808,,Rolnicza ,,Gdynia,54.50071,18.51355,"54.50071, 18.51355",3844,black
809,,Fregatowa,,Gdynia,54.50179,18.41341,"54.50179, 18.41341",5893,black
850,,Harcerska,,Gdynia,54.5033,18.53649,"54.5033, 18.53649",3628,black
851,,Focha,,Gdynia,54.50365,18.54036,"54.50365, 18.54036",3698,black
810,,"Centrum Handlowe ""Riviera""",,Gdynia,54.50384,18.5332,"54.50384, 18.5332",3525,red
852,,Ejsmonda,,Gdynia,54.50488000000001,18.55269,"54.50488000000001, 18.55269",4247,black
853,,Wzgórze Św. Maksymiliana - Kapliczka,,Gdynia,54.50553000000001,18.535870000000006,"54.50553000000001, 18.535870000000006",3412,red
854,,Kopernika - Partyzantów,,Gdynia,54.50574,18.53911,"54.50574, 18.53911",3493,red
811,,Wiczlino Niemotowo,,Gdynia,54.50633000000001,18.40498,"54.50633000000001, 18.40498",4689,black
855,,Piłsudskiego ,,Gdynia,54.50777,18.54479,"54.50777, 18.54479",3639,black
812,,Węzeł Franciszki Cegielskiej,,Gdynia,54.50803000000001,18.53325,"54.50803000000001, 18.53325",3239,red
856,,Wzgórze Św. Maksymiliana SKM,,Gdynia,54.50814,18.53657,"54.50814, 18.53657",3159,red
857,,Urząd Miasta - Świętojańska,,Gdynia,54.50863,18.53805,"54.50863, 18.53805",3307,red
813,,Cmentarz Witomiński,,Gdynia,54.50994,18.52011,"54.50994, 18.52011",3930,black
814,,Poznańska,,Gdynia,54.51098,18.53114,"54.51098, 18.53114",3572,red
815,,Leśniczówka Rogulewo,,Gdynia,54.5117,18.38783,"54.5117, 18.38783",5749,black
858,,Skwer Kościuszki - InfoBox,,Gdynia,54.51798,18.54202,"54.51798, 18.54202",3415,red
859,,Centrum Handlowe Batory,,Gdynia,54.51961,18.53985,"54.51961, 18.53985",3189,red
860,,3 Maja,,Gdynia,54.51981,18.53472,"54.51981, 18.53472",2930,red
861,,Gdynia Dworzec Gł. PKP - Morska,,Gdynia,54.51998,18.52958,"54.51998, 18.52958",2880,red
816,,Ogród Botaniczny Marszewo,,Gdynia,54.52001,18.41525,"54.52001, 18.41525",6060,black
862,,Plac Kaszubski - Świętojańska,,Gdynia,54.5226,18.5433,"54.5226, 18.5433",3317,red
817,,Skarbka II,,Gdynia,54.52679000000001,18.45982,"54.52679000000001, 18.45982",4954,black
818,,Marszewska,,Gdynia,54.52739,18.43151,"54.52739, 18.43151",5543,black
819,,Jałowcowa,,Gdynia,54.53041999999999,18.44191,"54.53041999999999, 18.44191",5048,black
820,,Swarzewska II,,Gdynia,54.53603,18.46077,"54.53603, 18.46077",4657,black
821,,Swarzewska I,,Gdynia,54.53785,18.46341,"54.53785, 18.46341",4686,black
822,,Hutnicza - Estakada,,Gdynia,54.53794,18.4934,"54.53794, 18.4934",3722,black
823,,"Hala ""Makro""",,Gdynia,54.54204,18.48502,"54.54204, 18.48502",4096,black
824,,Stocznia Wojenna,,Gdynia,54.5425,18.53575,"54.5425, 18.53575",4320,black
825,,Akademia Marynarki Wojennej,,Gdynia,54.54271,18.54358,"54.54271, 18.54358",4380,black
826,,Oksywie Dolne,,Gdynia,54.54284000000001,18.54705,"54.54284000000001, 18.54705",4440,black
827,,Gołębia,,Gdynia,54.54406,18.49909,"54.54406, 18.49909",4067,black
828,,Hutnicza - Stacja Paliw Lotos,,Gdynia,54.54531,18.47735,"54.54531, 18.47735",4467,black
829,,Arciszewskich,,Gdynia,54.54541,18.5507,"54.54541, 18.5507",4546,black
830,,Nasypowa,,Gdynia,54.54568,18.52221,"54.54568, 18.52221",4200,black
831,,Terminal Promowy,,Gdynia,54.54798,18.5014,"54.54798, 18.5014",3874,black
832,,Muchowskiego,,Gdynia,54.54819000000001,18.55164,"54.54819000000001, 18.55164",4450,black
833,,Cechowa,,Gdynia,54.54915,18.51433,"54.54915, 18.51433",3814,black
834,,Gruszkowa,,Gdynia,54.54926,18.46119,"54.54926, 18.46119",4256,black
835,,Pucka - Hutnicza,,Gdynia,54.54933000000001,18.46779,"54.54933000000001, 18.46779",4438,black
863,,Bosmańska - Zielona,,Gdynia,54.54939,18.53066,"54.54939, 18.53066",4109,black
864,,Alzacka,,Gdynia,54.54957,18.53907,"54.54957, 18.53907",4110,black
865,,Czwartaków,,Gdynia,54.54979,18.54191,"54.54979, 18.54191",4207,black
866,,Oksywie Górne,,Gdynia,54.54979,18.54804,"54.54979, 18.54804",4174,black
836,,Obłuże Centrum,,Gdynia,54.55072,18.5076,"54.55072, 18.5076",3789,black
867,,Oksywie Godebskiego,,Gdynia,54.55083000000001,18.53942,"54.55083000000001, 18.53942",4414,black
868,,Stolarska,,Gdynia,54.551,18.51906,"54.551, 18.51906",4309,black
837,,Pucka - Przejazd Kolejowy,,Gdynia,54.55181,18.46773,"54.55181, 18.46773",4637,black
869,,Białowieska,,Gdynia,54.55196,18.51503,"54.55196, 18.51503",4164,black
838,,Hutnicza - Piaskowa,,Gdynia,54.55229,18.44767,"54.55229, 18.44767",4624,black
870,,Kuśnierska,,Gdynia,54.55234,18.50345,"54.55234, 18.50345",3874,black
871,,Podgórska,,Gdynia,54.55331999999999,18.49979,"54.55331999999999, 18.49979",4088,black
872,,Pancerna,,Gdynia,54.55343000000001,18.54731,"54.55343000000001, 18.54731",4294,black
839,,Handlowa,,Gdynia,54.55356999999999,18.44153,"54.55356999999999, 18.44153",4380,black
873,,Dąbka - Zielona,,Gdynia,54.5536,18.52878,"54.5536, 18.52878",4513,black
874,,Kwiatkowskiego,,Gdynia,54.55423,18.50773,"54.55423, 18.50773",4183,black
875,,Benisławskiego,,Gdynia,54.55429,18.52438,"54.55429, 18.52438",4762,black
876,,Żeliwna,,Gdynia,54.55472,18.49218,"54.55472, 18.49218",4127,black
840,,Elektrociepłownia - Pucka,,Gdynia,54.55561,18.47164,"54.55561, 18.47164",5000,black
877,,Żelazna,,Gdynia,54.55566999999999,18.48396,"54.55566999999999, 18.48396",4293,black
878,,Dąbka - Zespół Szkół,,Gdynia,54.55587,18.52076,"54.55587, 18.52076",4366,black
879,,Zielona - Działki II,,Gdynia,54.55621,18.53123,"54.55621, 18.53123",4474,black
841,,Hutnicza - Działki,,Gdynia,54.55675,18.42852,"54.55675, 18.42852",4440,black
880,,Pogórze Dolne,,Gdynia,54.55716,18.47886,"54.55716, 18.47886",4331,black
881,,Turkusowa,,Gdynia,54.55744,18.51612,"54.55744, 18.51612",4451,black
882,,Oksywie Dickmana,,Gdynia,54.55757,18.54677,"54.55757, 18.54677",4294,black
842,,Złota,,Gdynia,54.55806,18.47472,"54.55806, 18.47472",4856,black
883,,Kadmowa,,Gdynia,54.55911,18.47239,"54.55911, 18.47239",4934,black
884,,Baza na Pogórzu Dolnym,,Gdynia,54.55917,18.47624,"54.55917, 18.47624",4805,black
885,,Stare Obłuże,,Gdynia,54.56064,18.50998,"54.56064, 18.50998",4500,black
886,,Zielona - Działki I,,Gdynia,54.56079,18.53339,"54.56079, 18.53339",4534,black
887,,Pogórze Dolne Złota,,Gdynia,54.56087,18.46675,"54.56087, 18.46675",5236,black
888,,Obłuże Maciejewicza,,Gdynia,54.56276,18.50708,"54.56276, 18.50708",4760,black
889,,Czernickiego,,Gdynia,54.56278,18.47555,"54.56278, 18.47555",4294,black
890,,Maciejewicza,,Gdynia,54.56299,18.50851,"54.56299, 18.50851",4560,black
891,,Pogórze Górne,,Gdynia,54.56316,18.48141,"54.56316, 18.48141",4354,black
892,,Staniewicza,,Gdynia,54.56322,18.498520000000006,"54.56322, 18.498520000000006",4680,black
893,,Pogórze - Pogórze Górne,,Gdynia,54.5634,18.48129,"54.5634, 18.48129",4354,black
894,,Galeria Szperk,,Gdynia,54.56372,18.50478,"54.56372, 18.50478",4620,black
895,,Wąwóz Ostrowicki,,Gdynia,54.56533,18.53491,"54.56533, 18.53491",4611,black
896,,Zielona - Kościół,,Gdynia,54.57627,18.53789,"54.57627, 18.53789",4714,black
897,,Babie Doły,,Gdynia,54.57779,18.53882,"54.57779, 18.53882",4822,black
914,,Oliwa - Pętla Tramwajowa,,Gdańsk,54.4101,18.5656,"54.4101, 18.5656",1861,yellow
915,,Karwieńska,,Gdańsk,54.41069,18.54886,"54.41069, 18.54886",2791,red
916,,Rynarzewo,,Gdańsk,54.42137,18.53835,"54.42137, 18.53835",2719,red
917,,Ergo Arena,,Sopot,54.42669,18.57592,"54.42669, 18.57592",3015,red
918,,Łokietka,,Sopot,54.43052,18.57355,"54.43052, 18.57355",2839,red
919,,Sportowa,,Sopot,54.43154000000001,18.56976,"54.43154000000001, 18.56976",2804,red
963,,Herberta,,Sopot,54.44022,18.54544,"54.44022, 18.54544",3415,red
964,,Kacze Buki,,Gdynia,54.45581,18.45318,"54.45581, 18.45318",4399,black
965,,Starochwaszczyńska,,Gdynia,54.45689,18.44948,"54.45689, 18.44948",4026,black
966,,Rdestowa - Chwaszczyńska,,Gdynia,54.45998,18.45158,"54.45998, 18.45158",4486,black
967,,Polifarb,,Gdynia,54.46011,18.45674,"54.46011, 18.45674",4612,black
968,,Giełda Towarowa,,Gdynia,54.46222,18.45339,"54.46222, 18.45339",4219,black
969,,Rdestowa - Leśny Zakątek,,Gdynia,54.46409,18.45759,"54.46409, 18.45759",4159,black
970,,Szafranowa,,Gdynia,54.46531,18.46013,"54.46531, 18.46013",4159,black
920,,Wielki Kack Fikakowo,,Gdynia,54.46569,18.48351,"54.46569, 18.48351",4355,black
921,,Górnicza - Kościół,,Gdynia,54.467,18.48187,"54.467, 18.48187",3960,black
971,,Paprykowa,,Gdynia,54.46778000000001,18.46539,"54.46778000000001, 18.46539",4099,black
922,,Górnicza - Damroki,,Gdynia,54.46816,18.48108,"54.46816, 18.48108",3900,black
972,,Kameliowa,,Gdynia,54.47014,18.46819,"54.47014, 18.46819",4094,black
923,,Spokojna - Cmentarz,,Gdynia,54.47108000000001,18.52191,"54.47108000000001, 18.52191",3595,red
973,,Dąbrowa Miętowa,,Gdynia,54.4714,18.45029,"54.4714, 18.45029",4370,black
924,,Władysława Jagiełły,,Gdynia,54.472,18.50875,"54.472, 18.50875",2829,red
974,,Tymiankowa,,Gdynia,54.4723,18.45267,"54.4723, 18.45267",4260,black
975,,Piołunowa,,Gdynia,54.47439,18.45691,"54.47439, 18.45691",4510,black
925,,Grenadierów,,Gdynia,54.47626999999999,18.50409,"54.47626999999999, 18.50409",3267,red
926,,Mały Kack Strzelców,,Gdynia,54.47776999999999,18.50295,"54.47776999999999, 18.50295",3540,red
927,,Łowicka - Szkoła,,Gdynia,54.48437,18.52731,"54.48437, 18.52731",3738,black
928,,Wieluńska - Radomska,,Gdynia,54.48476,18.51782,"54.48476, 18.51782",4237,black
929,,Mały Kack Łęczycka,,Gdynia,54.48486,18.51513,"54.48486, 18.51513",4418,black
930,,Wieluńska - Lipnowska,,Gdynia,54.48515,18.52197,"54.48515, 18.52197",4031,black
931,,Olkuska - Radomska,,Gdynia,54.48668000000001,18.51715,"54.48668000000001, 18.51715",4236,black
932,,Filipkowskiego,,Gdynia,54.48705,18.43001,"54.48705, 18.43001",4784,black
933,,Instytut Med. Morskiej i Tropikalnej,,Gdynia,54.48741,18.54716,"54.48741, 18.54716",4484,black
934,,Olkuska - Łowicka,,Gdynia,54.48797,18.52342,"54.48797, 18.52342",3926,black
900,,Powstań Chłopskich,,Gdynia,54.48976,18.54891,"54.48976, 18.54891",3658,black
935,,Wiosny Ludów,,Gdynia,54.49112,18.55092,"54.49112, 18.55092",3893,black
901,,Stadion Miejski,,Gdynia,54.49208,18.53085,"54.49208, 18.53085",3376,red
902,,Ruchu Oporu,,Gdynia,54.4923,18.54217,"54.4923, 18.54217",3222,red
936,,Pieńkawy,,Gdynia,54.49283000000001,18.426820000000006,"54.49283000000001, 18.426820000000006",5046,black
937,,Kwiatkowskiej,,Gdynia,54.49296,18.43426,"54.49296, 18.43426",5098,black
938,,Staniszewskiego,,Gdynia,54.49347,18.43646,"54.49347, 18.43646",5253,black
903,,Cylkowskiego,,Gdynia,54.49441,18.55244,"54.49441, 18.55244",3951,black
939,,Łużycka ,,Gdynia,54.49487,18.53471,"54.49487, 18.53471",3190,red
940,,Lutycka,,Gdynia,54.49503000000001,18.54075,"54.49503000000001, 18.54075",3389,red
941,,Bryla,,Gdynia,54.49551999999999,18.43723,"54.49551999999999, 18.43723",5216,black
942,,Kopernika - Kościół,,Gdynia,54.49616,18.55065,"54.49616, 18.55065",4140,black
943,,Stadion PKM,,Gdynia,54.49668000000001,18.53304,"54.49668000000001, 18.53304",2975,red
944,,Szczeblewskiego,,Gdynia,54.49873,18.54912,"54.49873, 18.54912",4055,black
904,,Hallera,,Gdynia,54.4999,18.5417,"54.4999, 18.5417",3735,black
905,,Wzgórze Św. Maksymiliana Syrokomli,,Gdynia,54.5033,18.54222,"54.5033, 18.54222",3826,black
945,,Norwida,,Gdynia,54.50498,18.54688,"54.50498, 18.54688",3951,black
946,,Moniuszki,,Gdynia,54.5054,18.54932,"54.5054, 18.54932",3905,black
906,,Łężyce - Jeżynowa,,Gdynia,54.50631,18.37609,"54.50631, 18.37609",6424,black
947,,Bulwar Nadmorski,,Gdynia,54.50747,18.55311,"54.50747, 18.55311",4122,black
907,,Dom Marynarza,,Gdynia,54.5078,18.54888,"54.5078, 18.54888",3874,black
948,,Fredry,,Gdynia,54.5087,18.54923,"54.5087, 18.54923",4086,black
976,,Urząd Miasta - Władysława IV,,Gdynia,54.51038000000001,18.53699,"54.51038000000001, 18.53699",3344,red
949,,Necla ,,Gdynia,54.51041,18.54629,"54.51041, 18.54629",3882,black
950,,Korzeniowskiego,,Gdynia,54.51062,18.550420000000006,"54.51062, 18.550420000000006",4332,black
951,,Mickiewicza ,,Gdynia,54.51251,18.54706,"54.51251, 18.54706",4174,black
952,,Śląska,,Gdynia,54.51401,18.53278,"54.51401, 18.53278",3366,red
953,,Wybickiego,,Gdynia,54.51686,18.54142,"54.51686, 18.54142",3574,red
954,,Armii Krajowej,,Gdynia,54.51809,18.538970000000006,"54.51809, 18.538970000000006",3268,red
908,,Park Rady Europy,,Gdynia,54.51879,18.54701,"54.51879, 18.54701",3554,red
955,,Sea Towers,,Gdynia,54.5194,18.54804,"54.5194, 18.54804",3594,red
977,,Gdynia Dworzec Gł. PKP - Dworcowa,,Gdynia,54.5209,18.53155,"54.5209, 18.53155",2710,red
956,,Starowiejska,,Gdynia,54.52091,18.5354,"54.52091, 18.5354",2917,red
978,,Gdynia Dworzec Gł. PKP,,Gdynia,54.52154,18.53044,"54.52154, 18.53044",2649,yellow
979,,3 Maja - Hala,,Gdynia,54.52211,18.53593,"54.52211, 18.53593",2947,red
957,,Plac Kaszubski,,Gdynia,54.52233,18.54046,"54.52233, 18.54046",3168,red
958,,I Urząd Skarbowy,,Gdynia,54.52276,18.53876,"54.52276, 18.53876",3121,red
959,,Gdynia Dworzec Gł. PKP - Hala,,Gdynia,54.52308000000001,18.5337,"54.52308000000001, 18.5337",2883,red
960,,Plac Kaszubski - Jana z Kolna,,Gdynia,54.52342,18.54245,"54.52342, 18.54245",3302,red
961,,Portowa,,Gdynia,54.52434,18.54309,"54.52434, 18.54309",3413,red
980,,Celna,,Gdynia,54.52654,18.52506,"54.52654, 18.52506",3807,black
981,,Węzeł Ofiar Grudnia '70,,Gdynia,54.52682,18.52013,"54.52682, 18.52013",3591,red
982,,Rotterdamska,,Gdynia,54.52711,18.53133,"54.52711, 18.53133",3780,black
983,,Demptowska,,Gdynia,54.52796,18.46002,"54.52796, 18.46002",4834,black
962,,Urząd Morski,,Gdynia,54.52814,18.54292,"54.52814, 18.54292",3675,black
984,,Szkoła Morska,,Gdynia,54.5294,18.5377,"54.5294, 18.5377",3913,black
985,,Chrzanowskiego - Przychodnia,,Gdynia,54.52996,18.54236,"54.52996, 18.54236",3832,black
986,,Stocznia Gdynia,,Gdynia,54.53219,18.51689,"54.53219, 18.51689",4066,black
909,,Dworzec Morski - Muzeum Emigracji,,Gdynia,54.53261,18.54675,"54.53261, 18.54675",3960,black
987,,Janka Wiśniewskiego,,Gdynia,54.53263000000001,18.50903,"54.53263000000001, 18.50903",3454,red
988,,Energetyków,,Gdynia,54.53967,18.499370000000006,"54.53967, 18.499370000000006",3574,red
910,,Chylonia Krzywoustego,,Gdynia,54.54594,18.46845,"54.54594, 18.46845",4348,black
911,,Bosmańska - Nasypowa,,Gdynia,54.54853000000001,18.52011,"54.54853000000001, 18.52011",3902,black
912,,Elektrociepłownia - Kontenerowa,,Gdynia,54.55106,18.48669,"54.55106, 18.48669",4736,black
913,,Cisowa Granica Miasta,,Gdynia,54.55356,18.4165,"54.55356, 18.4165",5324,black
